offer_ref_no,grade,Campus_Offer,Work_Experience,Days_to_Accept_Offer,Offer_Revised,Status,Offer_to_startdate,Group_name,Candidate_Source,Gender,Joining_Bonus,Relocation,Offer_above_Budget,Reason_to_hire,Start_date_extension,No_Previous_employers,Start_Location
1173,E7,N,18,10,N,Joined,48,B,Direct,M,N,N,N,Backfill,Y,3,Pune
1215,E6,N,14,15,Y,Offer_Decline,35,E,Employee_Referral,M,Y,N,N,Incremental,Y,5,Bangalore
1316,E6,N,18,14,N,Joined,35,E,Direct,F,Y,Y,N,Incremental,Y,2,Mumbai
1428,E6,N,14,15,N,Joined,35,E,Sourcing_portal,M,Y,Y,N,Incremental,Y,2,New Delhi
1562,E6,N,9,7,Y,Offer_Decline,35,B,Direct,M,N,Y,N,Incremental,Y,5,Pune
1711,E6,N,12,1,Y,Joined,35,U,Employee_Referral,M,N,N,N,Incremental,N,5,Pune
1780,E6,N,9,13,N,Joined,35,B,Direct,F,N,N,Y,Incremental,Y,4,Pune
1793,E6,N,10,13,N,Joined,35,B,Sourcing_portal,F,N,N,N,Incremental,N,2,Pune
2083,E7,N,19,7,N,Joined,35,E,Direct,F,Y,Y,N,Incremental,Y,5,Pune
2177,E6,N,9,9,Y,Offer_Decline,35,E,Employee_Referral,M,Y,Y,Y,Incremental,Y,2,Pune
2360,E6,N,17,6,N,Offer_Decline,35,P,Direct,M,N,Y,Y,Incremental,N,5,Pune
2401,E6,N,18,5,N,Joined,35,E,Sourcing_portal,M,Y,N,Y,Incremental,N,3,Pune
2648,E8,N,12,1,N,Joined,75,E,Direct,M,Y,N,N,Incremental,N,2,Pune
2715,E6,N,14,8,N,Joined,35,B,Employee_Referral,M,N,N,N,Incremental,N,3,Pune
2761,E6,N,17,10,N,Joined,35,E,Direct,F,Y,Y,N,Incremental,N,4,Bangalore
3001,E3,N,3,15,N,Joined,30,E,Sourcing_portal,F,Y,Y,N,Incremental,N,1,Mumbai
3008,E2,N,3,1,N,Offer_Decline,30,E,Direct,F,Y,Y,N,Incremental,N,1,New Delhi
3009,E2,N,2,12,N,Joined,60,E,Sourcing_portal,M,Y,N,N,Incremental,N,1,Pune
3012,E1,Y,0,11,N,Joined,NA,E,Campus,M,N,N,N,Backfill,Y,0,Pune
3014,E2,N,4,3,N,Joined,60,E,Direct,M,Y,N,N,Incremental,N,3,Pune
3015,E2,N,4,2,N,Joined,34,E,Direct,M,Y,Y,N,Incremental,Y,5,Pune
3018,E1,Y,0,12,N,Offer_Decline,NA,E,Campus,M,N,Y,N,Incremental,N,2,Pune
3019,E1,N,2,10,N,Joined,45,E,Direct,M,Y,Y,N,Backfill,N,2,Pune
3020,E1,Y,0,2,N,Joined,NA,E,Campus,M,N,N,N,Backfill,N,5,Pune
3024,E4,N,7,14,N,Joined,35,E,Direct,M,Y,N,N,Backfill,N,5,Pune
3027,E3,N,6,12,N,Joined,30,P,Direct,M,N,N,N,Incremental,Y,4,Pune
3030,E1,Y,0,15,N,Offer_Decline,NA,C,Campus,M,N,N,N,Backfill,Y,2,Bangalore
3032,E1,Y,0,10,N,Joined,NA,E,Campus,M,N,N,N,Incremental,Y,5,Mumbai
3034,E1,Y,0,15,N,Joined,NA,E,Campus,M,N,N,N,Backfill,Y,2,New Delhi
3035,E1,N,1,59,N,Joined,40,E,Direct,F,Y,Y,N,Incremental,Y,5,Pune
3038,E2,N,2,8,N,Joined,38,E,Direct,M,Y,Y,N,Incremental,Y,3,Pune
3043,E1,Y,0,14,Y,Joined,NA,E,Campus,M,N,Y,N,Incremental,Y,2,Pune
3044,E2,N,3,8,N,Joined,32,E,Direct,M,Y,Y,N,Incremental,Y,3,Pune
3046,E3,N,6,3,N,Offer_Decline,30,C,Direct,F,N,Y,N,Incremental,Y,4,Pune
3050,E4,N,9,11,N,Joined,35,B,Direct,F,N,Y,N,Incremental,Y,2,Bangalore
3052,E5,N,14,13,N,Joined,35,U,Direct,F,N,Y,N,Incremental,Y,5,Mumbai
3054,E5,N,17,8,Y,Offer_Decline,35,E,Direct,M,Y,Y,N,Incremental,N,5,New Delhi
3058,E1,N,1,15,Y,Joined,30,E,Direct,M,Y,N,Y,Incremental,N,4,Pune
3059,E1,Y,0,4,N,Joined,NA,E,Campus,M,N,N,N,Backfill,N,2,Pune
3060,E3,N,3,15,N,Joined,30,C,Coding_Contest,M,N,Y,N,Incremental,N,5,Pune
3072,E1,Y,0,14,N,Joined,NA,E,Campus,M,N,Y,Y,Incremental,N,2,Pune
3077,E3,N,6,8,N,Joined,30,C,Coding_Contest,F,N,Y,Y,Incremental,N,5,Pune
3078,E1,Y,0,3,N,Joined,NA,E,Campus,F,N,N,Y,Backfill,N,3,Pune
3079,E2,N,4,6,N,Joined,36,E,Coding_Contest,F,Y,N,N,Backfill,N,4,Pune
3081,E3,N,3,21,N,Joined,30,C,Coding_Contest,M,N,N,N,Backfill,N,1,Pune
3082,E1,N,2,13,N,Joined,30,E,Coding_Contest,M,Y,Y,N,Incremental,N,1,Pune
3084,E1,Y,0,12,N,Offer_Decline,NA,E,Campus,M,N,Y,N,Backfill,N,0,Pune
3085,E2,N,4,13,N,Joined,60,E,Coding_Contest,M,Y,Y,N,Incremental,N,5,Bangalore
3090,E3,N,4,21,N,Joined,30,B,Coding_Contest,M,N,N,N,Backfill,N,6,Mumbai
3091,E1,Y,0,14,N,Joined,NA,E,Campus,M,N,N,N,Incremental,N,0,New Delhi
3092,E6,N,11,2,N,Joined,35,E,Direct,M,Y,N,N,Backfill,N,7,Pune
3093,E2,N,2,12,N,Joined,60,E,Direct,M,Y,Y,N,Backfill,N,1,Pune
3095,E1,N,2,15,N,Joined,43,E,Direct,M,Y,Y,N,Backfill,N,1,Pune
3098,E3,N,5,8,N,Joined,30,E,Direct,M,Y,Y,N,Incremental,N,1,Pune
3099,E1,N,0,15,N,Joined,NA,E,Coding_Contest,M,Y,N,N,Backfill,N,0,Pune
3101,E1,N,0,14,N,Offer_Decline,NA,E,Coding_Contest,M,Y,N,N,Incremental,N,0,Pune
3102,E3,N,4,3,N,Joined,35,E,Direct,F,Y,N,N,Backfill,Y,2,Pune
3104,E1,Y,0,2,N,Joined,NA,E,Campus,M,N,Y,N,Incremental,Y,0,Pune
3106,E4,N,10,1,N,Joined,35,E,Direct,M,Y,Y,N,Backfill,Y,3,Pune
3107,E1,Y,0,12,N,Joined,NA,E,Campus,M,N,Y,N,Backfill,Y,0,Bangalore
3109,E1,N,2,13,N,Joined,30,E,Employee_Referral,F,Y,N,N,Backfill,Y,1,Mumbai
3114,E1,N,2,3,N,Offer_Decline,43,E,Employee_Referral,F,Y,N,N,Incremental,N,1,New Delhi
3119,E2,N,3,4,N,Joined,41,E,Employee_Referral,F,Y,N,N,Backfill,Y,1,Pune
3120,E2,N,3,1,N,Joined,60,E,Employee_Referral,M,Y,N,N,Incremental,N,2,Pune
3125,E2,N,2,5,N,Offer_Decline,30,E,Employee_Referral,M,Y,N,N,Backfill,Y,2,Pune
3126,E1,Y,0,7,N,Offer_Decline,NA,E,Campus,M,N,N,N,Incremental,Y,0,Pune
3130,E2,N,2,9,N,Joined,34,E,Direct,M,Y,Y,N,Backfill,N,1,Bangalore
3132,E5,N,14,4,Y,Offer_Decline,35,E,Direct,M,Y,Y,Y,Incremental,N,2,Bangalore
3134,E4,N,10,10,N,Joined,35,E,Direct,F,Y,Y,N,Backfill,N,2,Bangalore
3139,E2,N,4,15,N,Joined,60,E,Direct,F,Y,Y,N,Incremental,N,2,Bangalore
3142,E1,N,0,8,N,Joined,NA,E,Coding_Contest,F,Y,Y,Y,Backfill,N,0,Bangalore
3143,E1,N,0,6,N,Joined,NA,E,Coding_Contest,M,Y,Y,Y,Incremental,N,0,Bangalore
3145,E2,N,2,7,N,Joined,60,E,Direct,M,Y,Y,Y,Incremental,N,1,Bangalore
3151,E1,Y,0,13,N,Joined,NA,E,Campus,M,N,Y,N,Backfill,N,0,Bangalore
3160,E1,N,1,2,N,Joined,39,E,Direct,M,Y,N,N,Incremental,Y,1,Bangalore
3164,E2,N,3,10,N,Joined,60,E,Direct,M,Y,N,N,Backfill,N,1,Bangalore
3167,E2,N,2,8,N,Joined,97,E,Coding_Contest,M,Y,Y,N,Backfill,Y,1,Bangalore
3168,E1,Y,0,11,N,Offer_Decline,NA,E,Campus,M,N,Y,N,Backfill,N,0,Bangalore
3169,E1,Y,0,13,N,Joined,NA,E,Campus,M,N,Y,N,Incremental,N,0,Bangalore
3170,E1,Y,0,6,N,Joined,NA,E,Campus,M,N,N,N,Backfill,N,0,Bangalore
3175,E2,N,2,15,N,Joined,30,E,Sourcing_portal,M,Y,N,N,Incremental,N,1,Bangalore
3176,E2,N,2,9,N,Offer_Decline,19,E,Sourcing_portal,M,Y,N,N,Backfill,Y,1,Bangalore
3177,E1,Y,0,10,N,Joined,NA,E,Campus,M,N,Y,N,Incremental,Y,0,Mumbai
3179,E1,Y,0,8,N,Joined,NA,E,Campus,F,N,Y,N,Backfill,Y,0,Pune
3182,E1,Y,0,12,N,Offer_Decline,NA,E,Campus,M,N,Y,N,Incremental,Y,0,Bangalore
3183,E2,N,4,1,N,Joined,60,E,Sourcing_portal,M,Y,N,N,Backfill,Y,2,Bangalore
3184,E4,N,8,12,N,Joined,35,E,Sourcing_portal,M,Y,N,N,Incremental,Y,2,Bangalore
3186,E1,Y,0,14,N,Joined,NA,E,Campus,F,N,N,N,Backfill,Y,0,Bangalore
3188,E2,N,4,10,N,Joined,60,E,Sourcing_portal,F,Y,Y,N,Incremental,Y,5,Bangalore
3193,E1,N,1,12,N,Joined,90,E,Sourcing_portal,F,Y,Y,N,Incremental,Y,1,Bangalore
3194,E2,N,4,14,N,Joined,60,E,Sourcing_portal,M,Y,Y,N,Incremental,Y,4,Bangalore
3198,E1,Y,0,4,N,Joined,NA,E,Campus,M,N,N,N,Incremental,Y,0,Bangalore
3202,E1,Y,0,6,N,Joined,NA,E,Campus,M,N,N,N,Incremental,N,0,Bangalore
3203,E3,N,6,9,N,Offer_Decline,30,E,Sourcing_portal,M,Y,N,N,Incremental,N,3,Bangalore
3204,E1,N,1,7,N,Joined,45,E,Sourcing_portal,M,Y,Y,N,Incremental,N,1,Bangalore
3205,E4,N,8,3,N,Joined,35,U,Sourcing_portal,F,N,Y,N,Incremental,N,3,Bangalore
3206,E1,Y,0,10,N,Joined,NA,E,Campus,F,N,Y,N,Incremental,N,0,Mumbai
3210,E3,N,6,8,N,Joined,30,P,Sourcing_portal,F,N,N,N,Incremental,N,3,Pune
3213,E1,Y,0,8,N,Joined,NA,E,Campus,M,N,N,N,Backfill,N,0,Pune
3214,E5,N,9,13,N,Joined,35,P,Sourcing_portal,M,N,N,N,Incremental,N,3,Pune
3215,E1,Y,0,13,N,Joined,NA,E,Campus,M,N,N,N,Incremental,N,0,Pune
3218,E1,Y,0,13,N,Joined,NA,E,Campus,M,N,N,N,Incremental,N,0,Pune
3225,E1,Y,0,15,Y,Joined,NA,E,Campus,M,N,N,N,Backfill,N,0,Bangalore
3229,E2,N,3,1,N,Joined,64,E,Sourcing_portal,M,Y,Y,N,Backfill,N,1,Mumbai
3233,E4,N,5,1,N,Joined,35,E,Sourcing_portal,M,Y,Y,N,Backfill,N,3,New Delhi
3234,E6,N,15,5,N,Offer_Decline,35,E,Sourcing_portal,M,Y,Y,N,Incremental,N,3,Pune
3239,E2,N,3,5,N,Joined,60,E,Sourcing_portal,M,Y,Y,Y,Backfill,N,1,Pune
3240,E1,Y,0,7,N,Joined,NA,E,Campus,M,N,Y,N,Incremental,N,0,Pune
3244,E1,N,2,1,N,Joined,30,E,Sourcing_portal,F,Y,Y,N,Backfill,N,1,Pune
3246,E1,Y,0,3,N,Joined,NA,E,Campus,F,N,Y,Y,Incremental,N,0,Pune
3247,E1,Y,0,7,N,Joined,NA,E,Campus,F,N,Y,Y,Incremental,N,0,Bangalore
3248,E3,N,3,15,N,Joined,30,E,Sourcing_portal,F,Y,N,Y,Incremental,N,1,Mumbai
3249,E3,N,5,2,N,Offer_Decline,30,P,Sourcing_portal,F,N,N,N,Incremental,N,3,New Delhi
3251,E6,N,11,9,N,Offer_Decline,35,E,Sourcing_portal,F,Y,Y,N,Incremental,N,3,Pune
3252,E1,N,1,12,N,Joined,60,E,Sourcing_portal,F,Y,Y,N,Incremental,N,2,Pune
3259,E1,Y,0,7,N,Joined,NA,E,Campus,F,N,Y,N,Incremental,N,0,Pune
3261,E2,N,4,2,N,Joined,52,E,Sourcing_portal,F,Y,N,N,Incremental,N,3,Pune
3262,E1,N,2,11,N,Joined,30,E,Sourcing_portal,F,Y,N,N,Incremental,N,1,Pune
3264,E1,Y,0,3,N,Joined,NA,E,Campus,F,N,N,N,Incremental,Y,0,Pune
3265,E5,N,16,13,N,Joined,35,B,Employee_Referral,F,N,Y,N,Incremental,N,3,Pune
3268,E1,N,2,11,N,Joined,25,E,Employee_Referral,F,Y,Y,N,Incremental,N,2,Pune
3269,E6,N,10,8,N,Joined,35,P,Employee_Referral,F,N,Y,N,Incremental,Y,3,Pune
3272,E4,N,7,3,N,Offer_Decline,35,E,Coding_Contest,F,Y,N,N,Backfill,Y,3,Pune
3273,E4,N,6,13,N,Joined,35,E,Coding_Contest,F,Y,N,N,Incremental,Y,2,Bangalore
3275,E2,N,2,14,N,Joined,32,E,Coding_Contest,F,Y,N,N,Incremental,N,1,Mumbai
3276,E1,Y,0,5,N,Joined,NA,E,Campus,F,N,Y,N,Incremental,N,0,New Delhi
3278,E3,N,5,9,N,Joined,30,E,Sourcing_portal,F,Y,Y,N,Backfill,N,2,Pune
3280,E1,Y,0,13,N,Joined,NA,E,Campus,M,N,Y,N,Backfill,N,0,Pune
3283,E2,N,2,20,N,Joined,60,E,Sourcing_portal,F,Y,N,N,Backfill,N,2,Pune
3286,E1,Y,0,12,N,Joined,NA,E,Campus,M,N,N,N,Incremental,N,0,Pune
3288,E1,N,1,5,N,Joined,34,E,Sourcing_portal,F,Y,N,N,Backfill,N,1,Pune
3291,E1,Y,0,13,N,Joined,NA,E,Campus,M,N,Y,N,Incremental,N,0,Pune
3295,E2,N,2,10,N,Joined,60,E,Direct,F,Y,Y,N,Backfill,N,2,Pune
3296,E5,N,9,6,N,Joined,35,P,Direct,M,N,Y,N,Incremental,N,2,Bangalore
3297,E3,N,5,4,N,Offer_Decline,35,U,Direct,F,N,N,N,Incremental,N,2,Mumbai
3298,E4,N,9,11,N,Offer_Decline,35,E,Direct,M,Y,N,N,Incremental,N,2,New Delhi
3300,E7,N,17,1,N,Offer_Decline,75,P,Direct,F,N,N,N,Incremental,N,2,Pune
3301,E2,N,2,10,N,Offer_Decline,98,E,Direct,M,Y,N,N,Backfill,N,1,Pune
3302,E5,N,19,7,N,Offer_Decline,35,E,Direct,F,Y,N,N,Incremental,N,1,Pune
3304,E3,N,4,11,N,Offer_Decline,35,P,Direct,M,N,N,N,Incremental,N,1,Pune
3308,E1,N,1,15,N,Joined,30,E,Direct,M,Y,Y,N,Incremental,N,2,Pune
3312,E3,N,5,7,N,Joined,40,E,Direct,M,Y,Y,N,Incremental,N,1,Pune
3315,E4,N,5,5,N,Joined,35,E,Direct,M,Y,Y,N,Incremental,N,1,Pune
3316,E1,Y,0,2,N,Joined,NA,E,Campus,M,N,Y,Y,Incremental,N,0,Pune
3317,E3,N,4,4,N,Joined,30,U,Direct,M,N,Y,N,Incremental,N,1,Pune
3318,E4,N,9,11,N,Joined,35,E,Direct,M,Y,Y,N,Incremental,N,1,Pune
3323,E2,N,3,15,N,Joined,60,E,Direct,M,Y,Y,Y,Incremental,N,1,Bangalore
3325,E2,N,3,9,N,Offer_Decline,60,E,Direct,M,Y,Y,Y,Incremental,N,1,Mumbai
3327,E3,N,4,14,N,Joined,30,C,Direct,M,N,N,Y,Incremental,N,1,New Delhi
3331,E1,N,2,7,N,Joined,45,E,Direct,F,Y,N,N,Incremental,Y,1,Pune
3332,E2,N,2,6,N,Joined,39,E,Direct,F,Y,Y,N,Incremental,N,2,Pune
3335,E2,N,3,12,N,Joined,60,E,Direct,F,Y,Y,N,Incremental,N,3,Pune
3339,E1,Y,0,8,N,Joined,NA,E,Campus,F,N,Y,N,Incremental,Y,1,Pune
3341,E3,N,4,8,N,Joined,40,P,Employee_Referral,F,N,N,N,Incremental,Y,1,Pune
3343,E1,Y,0,2,N,Joined,NA,E,Campus,F,N,N,N,Backfill,Y,1,Pune
3349,E6,N,12,15,N,Joined,35,E,Coding_Contest,F,Y,N,N,Incremental,N,1,Pune
3356,E1,Y,0,7,N,Offer_Decline,NA,E,Campus,F,N,Y,Y,Incremental,N,1,Pune
3358,E3,N,6,6,N,Joined,30,E,Coding_Contest,F,Y,Y,N,Incremental,N,1,Pune
3359,E1,Y,0,6,N,Joined,NA,E,Campus,F,N,Y,N,Incremental,N,1,Bangalore
3361,E2,N,2,12,N,Joined,60,E,Coding_Contest,F,Y,N,N,Incremental,N,1,Mumbai
3362,E1,N,1,4,N,Joined,40,E,Coding_Contest,F,Y,N,N,Incremental,N,1,New Delhi
3363,E1,Y,0,7,N,Joined,NA,E,Campus,F,N,N,N,Incremental,N,1,Pune
3364,E1,Y,0,2,N,Joined,NA,E,Campus,F,N,Y,N,Incremental,N,2,Pune
3365,E2,N,2,7,N,Joined,60,E,Coding_Contest,F,Y,Y,Y,Incremental,N,2,Pune
3366,E4,N,5,3,N,Joined,35,E,Coding_Contest,F,Y,Y,N,Incremental,N,1,Pune
3367,E1,N,2,14,N,Joined,60,E,Coding_Contest,F,Y,N,N,Incremental,Y,1,Pune
3375,E3,N,4,15,N,Offer_Decline,35,E,Coding_Contest,F,Y,N,N,Incremental,Y,1,Bangalore
3376,E4,N,6,15,N,Joined,35,E,Coding_Contest,F,Y,N,N,Incremental,Y,1,Mumbai
3381,E1,Y,0,5,N,Joined,NA,E,Campus,M,N,Y,N,Incremental,Y,1,New Delhi
3388,E2,N,3,7,N,Offer_Decline,15,E,Coding_Contest,F,Y,Y,N,Incremental,Y,1,Pune
3391,E1,Y,0,9,N,Joined,NA,E,Campus,M,N,Y,N,Incremental,N,1,Pune
3393,E4,N,6,2,N,Joined,35,E,Sourcing_portal,F,Y,N,N,Backfill,Y,1,Pune
3394,E2,N,2,10,N,Joined,60,E,Sourcing_portal,M,Y,N,N,Incremental,N,1,Pune
3398,E3,N,6,1,N,Offer_Decline,30,U,Sourcing_portal,F,N,N,N,Incremental,Y,1,Pune
3400,E1,Y,0,9,N,Joined,NA,E,Campus,M,N,N,N,Incremental,Y,1,Pune
3401,E1,Y,0,11,N,Joined,NA,E,Campus,F,N,N,N,Incremental,N,1,Pune
3403,E1,N,1,3,N,Joined,60,E,Employee_Referral,M,Y,N,Y,Incremental,N,1,Pune
3406,E4,N,10,10,N,Joined,35,E,Employee_Referral,F,Y,Y,N,Incremental,N,2,Pune
3409,E1,N,0,8,N,Joined,NA,E,Coding_Contest,M,Y,Y,N,Incremental,N,1,Pune
3410,E1,N,0,1,N,Joined,NA,E,Coding_Contest,F,Y,Y,Y,Incremental,N,2,Bangalore
3411,E1,N,0,3,N,Joined,NA,C,Employee_Referral,M,N,Y,Y,Incremental,N,1,Mumbai
3414,E1,N,2,8,N,Joined,45,E,Coding_Contest,M,Y,Y,Y,Incremental,N,2,New Delhi
3416,E4,N,9,4,N,Offer_Decline,35,E,Employee_Referral,M,Y,Y,N,Incremental,N,1,Pune
3418,E5,N,8,7,N,Joined,35,B,Employee_Referral,M,N,Y,N,Incremental,Y,2,Pune
3421,E1,Y,0,7,N,Joined,NA,E,Campus,M,N,Y,N,Incremental,N,1,Pune
3424,E1,Y,0,2,N,Joined,NA,E,Campus,M,N,N,N,Incremental,Y,2,Pune
3425,E1,Y,0,9,N,Joined,NA,E,Campus,M,N,N,N,Incremental,N,0,Pune
3426,E1,N,1,12,N,Joined,30,E,Employee_Referral,M,Y,Y,N,Incremental,N,1,Pune
3427,E1,Y,0,6,N,Joined,NA,E,Campus,M,N,Y,N,Backfill,N,1,Pune
3431,E2,N,3,13,N,Joined,60,E,Sourcing_portal,M,Y,Y,N,Incremental,N,1,Pune
3433,E2,N,4,7,N,Joined,60,E,Sourcing_portal,F,Y,N,N,Incremental,Y,1,Pune
3434,E5,N,16,7,N,Offer_Decline,35,U,Sourcing_portal,F,N,N,N,Incremental,Y,2,Bangalore
3437,E3,N,6,4,N,Joined,40,P,Sourcing_portal,F,N,N,N,Incremental,Y,3,Mumbai
3439,E1,N,2,2,N,Joined,30,E,Sourcing_portal,F,Y,Y,N,Incremental,Y,1,New Delhi
3440,E4,N,7,13,N,Offer_Decline,35,U,Sourcing_portal,F,N,Y,N,Incremental,Y,1,Pune
3445,E1,N,2,12,N,Joined,60,E,Sourcing_portal,F,Y,Y,N,Incremental,Y,1,Pune
3450,E2,N,4,1,N,Joined,60,E,Sourcing_portal,F,Y,N,N,Incremental,Y,1,Pune
3451,E2,N,3,8,N,Joined,35,E,Sourcing_portal,F,Y,N,N,Incremental,Y,1,Pune
3454,E1,Y,0,7,N,Joined,NA,E,Campus,F,N,N,N,Incremental,Y,1,Bangalore
3455,E1,Y,0,1,N,Joined,NA,E,Campus,F,N,Y,N,Incremental,Y,1,Bangalore
3456,E1,Y,0,9,N,Joined,NA,E,Campus,F,N,Y,N,Incremental,Y,1,Bangalore
3459,E1,Y,0,6,N,Joined,NA,E,Campus,F,N,Y,N,Incremental,N,1,Bangalore
3462,E1,N,1,11,N,Joined,39,E,Employee_Referral,F,Y,N,N,Incremental,N,1,Bangalore
3463,E2,N,3,11,N,Joined,27,E,Employee_Referral,F,Y,N,N,Incremental,N,2,Bangalore
3464,E1,Y,0,1,N,Joined,NA,E,Campus,F,N,N,N,Incremental,N,2,Bangalore
3466,E2,N,2,15,N,Joined,60,E,Direct,F,Y,Y,N,Backfill,N,1,Bangalore
3472,E1,N,1,8,N,Joined,40,E,Direct,F,Y,Y,N,Incremental,N,1,Bangalore
3476,E1,Y,0,4,N,Joined,NA,E,Campus,F,N,Y,N,Backfill,N,1,Bangalore
3477,E3,N,3,12,N,Joined,30,E,Direct,F,Y,N,N,Incremental,N,1,Bangalore
3480,E3,N,5,13,N,Joined,30,C,Sourcing_portal,M,N,N,Y,Backfill,N,1,Bangalore
3483,E6,N,16,9,N,Joined,35,B,Employee_Referral,F,N,N,N,Incremental,N,1,Bangalore
3484,E1,N,1,9,N,Joined,30,E,Direct,M,Y,N,N,Backfill,N,1,Bangalore
3485,E4,N,7,12,N,Joined,35,E,Sourcing_portal,F,Y,N,Y,Incremental,N,1,Bangalore
3486,E1,N,1,11,N,Joined,60,E,Employee_Referral,M,Y,N,Y,Backfill,N,1,Bangalore
3490,E1,Y,0,8,N,Joined,NA,E,Campus,F,N,Y,Y,Incremental,N,1,Mumbai
3491,E1,Y,0,8,N,Joined,NA,E,Campus,M,N,Y,N,Backfill,N,1,Pune
3493,E5,N,17,7,N,Joined,35,P,Sourcing_portal,F,N,Y,N,Incremental,N,1,Bangalore
3494,E4,N,8,7,N,Offer_Decline,35,E,Employee_Referral,M,Y,Y,N,Incremental,N,1,Bangalore
3496,E1,Y,0,6,N,Joined,NA,E,Campus,F,N,Y,N,Backfill,N,2,Bangalore
3498,E1,Y,0,12,N,Joined,NA,E,Campus,M,N,Y,N,Incremental,N,1,Bangalore
3499,E3,N,6,4,N,Joined,30,E,Sourcing_portal,F,Y,Y,N,Backfill,N,2,Bangalore
3500,E1,N,2,1,N,Joined,30,E,Employee_Referral,M,Y,Y,N,Backfill,Y,1,Bangalore
3503,E4,N,9,14,N,Joined,35,P,Direct,M,N,N,N,Backfill,Y,2,Bangalore
3504,E1,N,1,3,N,Joined,30,E,Sourcing_portal,M,Y,N,N,Incremental,Y,1,Bangalore
3508,E1,N,2,8,N,Offer_Decline,43,E,Employee_Referral,M,Y,Y,N,Backfill,Y,2,Bangalore
3515,E2,N,4,4,N,Joined,41,E,Direct,M,Y,Y,N,Incremental,Y,1,Bangalore
3516,E2,N,4,8,N,Offer_Decline,53,E,Direct,F,Y,Y,N,Backfill,N,2,Bangalore
3518,E2,N,2,10,N,Joined,24,E,Direct,F,Y,N,N,Incremental,Y,1,Bangalore
3531,E1,Y,0,13,N,Joined,NA,E,Campus,F,N,N,N,Backfill,N,1,Mumbai
3534,E1,Y,0,5,N,Joined,NA,E,Campus,M,N,N,Y,Incremental,Y,1,Pune
3535,E1,N,2,11,N,Joined,60,E,Direct,M,Y,Y,N,Backfill,Y,1,Pune
3536,E1,Y,0,3,N,Joined,NA,E,Campus,M,N,Y,N,Incremental,N,2,Pune
3540,E6,N,17,5,N,Offer_Decline,35,B,Direct,M,N,Y,N,Backfill,N,3,Pune
3541,E1,Y,0,5,N,Joined,NA,E,Campus,M,N,N,Y,Incremental,N,1,Pune
3543,E4,N,7,4,N,Joined,35,E,Sourcing_portal,M,Y,N,N,Incremental,N,1,Bangalore
3544,E2,N,4,8,N,Joined,60,E,Employee_Referral,M,Y,N,N,Incremental,N,1,Mumbai
3548,E2,N,4,8,N,Joined,42,E,Direct,M,Y,Y,Y,Incremental,N,1,New Delhi
3549,E1,N,2,6,N,Joined,30,E,Sourcing_portal,M,Y,Y,N,Incremental,N,1,Pune
3551,E1,Y,0,2,N,Joined,NA,E,Campus,M,N,Y,N,Backfill,N,1,Pune
3552,E6,N,16,11,N,Joined,35,U,Direct,M,N,N,N,Incremental,Y,1,Pune
3554,E1,Y,0,8,N,Joined,NA,E,Campus,M,N,N,N,Incremental,N,1,Pune
3555,E2,N,4,8,N,Joined,60,E,Direct,F,Y,N,N,Incremental,Y,1,Pune
3564,E5,N,18,12,N,Joined,35,P,Direct,M,N,Y,Y,Incremental,N,1,Bangalore
3565,E2,N,3,3,N,Joined,30,E,Direct,M,Y,Y,N,Incremental,N,2,Mumbai
3566,E2,N,2,12,N,Joined,25,E,Direct,M,Y,Y,N,Incremental,N,2,New Delhi
3567,E1,Y,0,11,N,Joined,NA,E,Campus,F,N,N,N,Incremental,N,1,Pune
3570,E1,Y,0,1,N,Joined,NA,E,Campus,F,N,N,N,Incremental,Y,1,Pune
3571,E1,N,1,7,N,Offer_Decline,60,E,Employee_Referral,F,Y,N,Y,Incremental,Y,1,Pune
3573,E3,N,3,2,N,Joined,30,E,Employee_Referral,M,Y,N,N,Incremental,Y,1,Pune
3574,E1,Y,0,13,N,Joined,NA,E,Campus,M,N,N,N,Incremental,Y,1,Pune
3576,E1,Y,0,13,N,Joined,NA,E,Campus,M,N,N,Y,Incremental,Y,1,Pune
3580,E1,Y,0,1,N,Offer_Decline,NA,E,Campus,M,N,Y,Y,Incremental,Y,1,Pune
3582,E3,N,3,30,Y,Joined,30,C,Sourcing_portal,M,N,Y,Y,Incremental,Y,1,Pune
3583,E3,N,6,2,N,Joined,30,U,Sourcing_portal,F,N,Y,N,Incremental,Y,1,Pune
3584,E2,N,2,7,N,Joined,60,E,Sourcing_portal,F,Y,Y,N,Incremental,Y,1,Pune
3585,E1,Y,0,12,N,Joined,NA,E,Campus,F,N,Y,N,Incremental,Y,1,Bangalore
3589,E2,N,2,12,N,Joined,44,E,Direct,M,Y,Y,N,Backfill,Y,1,Mumbai
3590,E1,N,1,15,N,Joined,30,E,Direct,M,Y,Y,N,Incremental,N,1,New Delhi
3591,E4,N,8,12,N,Joined,35,E,Direct,F,Y,Y,N,Incremental,N,2,Pune
3599,E6,N,19,5,Y,Offer_Decline,35,E,Direct,M,Y,N,N,Incremental,N,1,Pune
3602,E3,N,4,34,N,Joined,30,U,Direct,M,N,N,N,Backfill,N,2,Pune
3603,E4,N,7,34,N,Joined,35,E,Direct,M,Y,Y,Y,Backfill,N,1,Pune
3604,E2,N,2,13,N,Joined,30,E,Direct,F,Y,Y,N,Backfill,N,2,Pune
3605,E3,N,3,7,N,Offer_Decline,30,U,Direct,F,N,Y,N,Incremental,N,1,Pune
3606,E1,Y,0,8,N,Offer_Decline,NA,E,Campus,F,N,N,N,Backfill,N,2,Pune
3608,E2,N,3,6,N,Joined,43,E,Coding_Contest,M,Y,N,N,Incremental,N,1,Bangalore
3609,E1,Y,0,10,N,Joined,NA,E,Campus,M,N,N,N,Backfill,N,2,Mumbai
3614,E3,N,5,2,N,Joined,40,E,Coding_Contest,M,Y,Y,N,Incremental,N,1,New Delhi
3615,E2,N,4,13,N,Joined,60,E,Coding_Contest,M,Y,Y,N,Incremental,N,1,Pune
3616,E1,N,2,13,N,Joined,30,E,Coding_Contest,M,Y,Y,N,Incremental,N,1,Pune
3617,E1,Y,0,14,N,Joined,NA,E,Campus,F,N,N,Y,Incremental,N,2,Pune
3618,E1,Y,0,13,N,Joined,NA,E,Campus,F,N,N,N,Incremental,N,3,Pune
3621,E5,N,18,15,N,Joined,35,P,Coding_Contest,F,N,N,N,Incremental,N,1,Pune
3623,E1,Y,0,10,N,Joined,NA,E,Campus,M,N,Y,N,Incremental,N,1,Pune
3625,E1,Y,0,13,Y,Joined,NA,E,Campus,M,N,Y,Y,Incremental,N,2,Pune
3626,E1,Y,0,12,N,Offer_Decline,NA,E,Campus,M,N,Y,N,Incremental,N,1,Pune
3627,E1,Y,0,2,N,Offer_Decline,NA,E,Campus,M,N,N,N,Backfill,N,1,Pune
3628,E4,N,5,7,N,Joined,35,E,Coding_Contest,M,Y,N,N,Incremental,N,1,Pune
3629,E1,N,1,15,Y,Offer_Decline,90,E,Coding_Contest,M,Y,N,N,Incremental,N,1,Bangalore
3630,E1,Y,0,3,N,Joined,NA,E,Campus,M,N,Y,N,Incremental,N,2,Mumbai
3636,E1,Y,0,11,N,Joined,NA,E,Campus,M,N,Y,Y,Backfill,N,1,New Delhi
3637,E1,N,2,12,N,Joined,40,E,Coding_Contest,M,Y,Y,N,Backfill,N,1,Pune
3640,E3,N,5,4,N,Joined,30,P,Coding_Contest,M,N,N,N,Backfill,N,1,Pune
3641,E3,N,5,11,N,Joined,30,E,Coding_Contest,M,Y,N,Y,Incremental,Y,1,Pune
3642,E3,N,4,13,N,Offer_Decline,30,C,Coding_Contest,M,N,N,Y,Backfill,N,1,Pune
3644,E6,N,17,6,N,Joined,35,U,Coding_Contest,F,N,N,Y,Incremental,N,1,Pune
3645,E2,N,3,9,N,Joined,60,E,Coding_Contest,M,Y,N,N,Backfill,Y,2,Pune
3646,E1,Y,0,1,N,Joined,NA,C,Campus,M,N,N,N,Incremental,Y,1,Pune
3648,E1,N,1,2,N,Joined,60,E,Sourcing_portal,M,Y,Y,N,Backfill,Y,1,Pune
3651,E1,Y,0,12,N,Joined,NA,E,Campus,F,N,Y,N,Backfill,N,1,Pune
3653,E6,N,13,7,N,Joined,35,B,Sourcing_portal,F,N,Y,N,Backfill,N,1,Bangalore
3654,E1,Y,0,2,N,Joined,NA,E,Campus,F,N,Y,N,Incremental,N,1,Mumbai
3655,E2,N,4,10,N,Joined,60,E,Sourcing_portal,M,Y,Y,N,Backfill,N,1,New Delhi
3659,E1,N,2,8,N,Joined,75,E,Sourcing_portal,M,Y,Y,Y,Incremental,N,1,Pune
3662,E1,Y,0,4,N,Joined,NA,E,Campus,M,N,Y,N,Backfill,N,2,Pune
3664,E3,N,6,3,N,Joined,30,U,Sourcing_portal,M,N,Y,N,Incremental,N,1,Pune
3666,E6,N,9,6,N,Joined,35,P,Sourcing_portal,M,N,N,N,Backfill,N,2,Pune
3668,E3,N,6,11,N,Joined,30,E,Sourcing_portal,F,Y,N,N,Backfill,N,3,Pune
3669,E1,Y,0,10,N,Offer_Decline,NA,E,Campus,F,N,Y,Y,Backfill,N,0,Bangalore
3673,E1,Y,0,15,N,Joined,NA,E,Campus,F,N,Y,N,Incremental,N,0,Mumbai
3674,E1,Y,0,15,N,Joined,NA,E,Campus,M,N,Y,N,Backfill,N,0,New Delhi
3675,E1,Y,0,5,N,Joined,NA,E,Campus,M,N,N,N,Incremental,N,0,Pune
3677,E1,Y,0,12,N,Joined,NA,E,Campus,M,N,N,N,Backfill,N,0,Pune
3678,E1,Y,0,10,N,Joined,NA,E,Campus,M,N,N,Y,Incremental,N,0,Pune
3681,E4,N,9,15,N,Joined,35,U,Sourcing_portal,M,N,Y,N,Backfill,N,4,Pune
3683,E2,N,4,2,Y,Joined,45,E,Sourcing_portal,M,Y,Y,Y,Incremental,N,2,New Delhi
3684,E1,Y,0,5,N,Joined,NA,E,Campus,M,N,Y,N,Backfill,N,0,Pune
3685,E1,Y,0,11,N,Joined,NA,E,Campus,M,N,N,Y,Incremental,N,0,Pune
3686,E1,Y,0,8,N,Joined,NA,E,Campus,M,N,N,N,Backfill,N,0,Pune
3689,E3,N,3,13,N,Joined,40,U,Direct,M,N,N,N,Incremental,N,1,New Delhi
3690,E3,N,6,3,N,Joined,30,E,Direct,M,Y,Y,Y,Incremental,N,1,Pune
3693,E1,N,1,7,N,Joined,90,E,Direct,M,Y,Y,Y,Backfill,N,1,Bangalore
3694,E1,Y,0,3,N,Joined,NA,E,Campus,F,N,Y,Y,Incremental,N,1,Mumbai
3696,E1,N,2,1,N,Joined,40,E,Sourcing_portal,M,Y,N,N,Backfill,N,2,New Delhi
3697,E2,N,4,2,N,Joined,60,E,Sourcing_portal,M,Y,N,N,Backfill,Y,3,Pune
3699,E1,Y,0,3,N,Offer_Decline,NA,E,Campus,M,N,N,N,Backfill,N,1,Pune
3700,E1,N,1,7,N,Joined,30,E,Employee_Referral,F,Y,Y,N,Incremental,N,1,Pune
3703,E2,N,3,2,N,Joined,44,E,Employee_Referral,F,Y,Y,N,Backfill,Y,1,New Delhi
3704,E4,N,8,9,N,Joined,35,E,Employee_Referral,F,Y,Y,N,Incremental,Y,1,New Delhi
3707,E1,Y,0,8,N,Joined,NA,E,Campus,M,N,N,N,Backfill,Y,1,New Delhi
3708,E6,N,18,11,N,Joined,35,U,Sourcing_portal,M,N,N,N,Incremental,N,1,Pune
3709,E3,N,6,6,N,Joined,60,E,Sourcing_portal,M,Y,N,N,Backfill,N,1,Pune
3711,E2,N,2,9,N,Joined,60,E,Direct,M,Y,N,N,Incremental,N,1,Pune
3714,E1,N,1,6,N,Offer_Decline,60,E,Sourcing_portal,M,Y,N,N,Backfill,N,1,Bangalore
3715,E1,N,1,13,N,Joined,30,E,Sourcing_portal,F,Y,N,N,Incremental,N,1,Mumbai
3716,E4,N,9,46,Y,Joined,35,E,Direct,F,Y,Y,N,Backfill,N,2,New Delhi
3717,E4,N,10,12,N,Joined,35,E,Sourcing_portal,F,Y,Y,N,Incremental,N,2,Pune
3722,E1,Y,0,4,N,Joined,NA,E,Campus,M,N,Y,N,Incremental,N,1,Pune
3724,E2,N,3,15,N,Joined,35,E,Direct,M,Y,Y,N,Incremental,N,1,Pune
3725,E5,N,15,1,Y,Offer_Decline,35,E,Direct,M,Y,Y,N,Incremental,N,1,Pune
3726,E1,N,1,2,N,Joined,40,E,Direct,M,Y,Y,N,Incremental,Y,1,Bangalore
3728,E1,N,2,2,N,Offer_Decline,60,E,Direct,M,Y,Y,N,Incremental,Y,1,Bangalore
3729,E1,Y,0,13,Y,Joined,NA,B,Campus,M,N,Y,N,Incremental,Y,1,Bangalore
3730,E3,N,5,8,N,Joined,40,P,Employee_Referral,M,N,N,N,Incremental,Y,1,Bangalore
3732,E3,N,4,14,N,Joined,40,E,Employee_Referral,M,Y,N,Y,Incremental,Y,1,Bangalore
3734,E1,Y,0,12,N,Joined,NA,E,Campus,M,N,Y,N,Incremental,N,1,Bangalore
3738,E2,N,2,8,N,Joined,30,E,Direct,M,Y,Y,N,Backfill,Y,1,Bangalore
3740,E3,N,4,8,N,Joined,40,P,Employee_Referral,M,N,Y,Y,Incremental,N,1,Bangalore
3746,E5,N,16,11,Y,Offer_Decline,35,E,Sourcing_portal,M,Y,N,Y,Incremental,Y,1,New Delhi
3747,E4,N,7,13,N,Joined,35,E,Sourcing_portal,F,Y,N,Y,Incremental,Y,1,New Delhi
3748,E1,Y,0,10,N,Joined,NA,E,Campus,M,N,N,N,Backfill,N,2,New Delhi
3749,E1,N,1,12,N,Joined,40,E,Direct,M,Y,Y,N,Backfill,N,1,New Delhi
3751,E3,N,6,8,N,Joined,30,B,Employee_Referral,M,N,Y,N,Backfill,N,2,Bangalore
3752,E1,N,1,13,N,Joined,45,E,Sourcing_portal,F,Y,Y,N,Incremental,N,1,Bangalore
3754,E2,N,3,5,N,Joined,51,E,Sourcing_portal,F,Y,N,N,Backfill,N,2,Bangalore
3756,E3,N,4,12,N,Offer_Decline,30,U,Direct,F,N,N,Y,Incremental,N,1,Bangalore
3759,E1,Y,0,4,N,Joined,NA,E,Campus,M,N,N,N,Backfill,N,2,Mumbai
3760,E2,N,3,13,N,Joined,62,E,Direct,M,Y,Y,N,Incremental,N,1,Pune
3766,E3,N,3,10,N,Joined,40,E,Employee_Referral,M,Y,Y,N,Incremental,Y,2,Bangalore
3767,E3,N,3,5,N,Joined,40,E,Sourcing_portal,M,Y,Y,Y,Incremental,N,1,Bangalore
3768,E4,N,10,15,N,Offer_Decline,35,E,Sourcing_portal,M,Y,N,N,Incremental,Y,1,Bangalore
3770,E1,N,1,7,N,Joined,35,E,Sourcing_portal,F,Y,N,N,Incremental,N,1,Mumbai
3771,E1,Y,0,9,N,Joined,NA,E,Campus,F,N,N,N,Incremental,N,2,Bangalore
3772,E1,Y,0,1,N,Joined,NA,E,Campus,F,N,Y,N,Incremental,N,3,Bangalore
3773,E1,Y,0,3,N,Joined,NA,E,Campus,M,N,Y,N,Incremental,N,1,Bangalore
3777,E1,Y,0,4,N,Joined,NA,E,Campus,M,N,Y,N,Incremental,Y,1,Bangalore
3778,E2,N,3,9,N,Joined,60,E,Employee_Referral,M,Y,N,N,Incremental,Y,2,Bangalore
3782,E2,N,3,11,Y,Offer_Decline,30,E,Sourcing_portal,M,Y,N,N,Incremental,Y,1,Bangalore
3785,E2,N,3,15,N,Joined,34,E,Direct,M,Y,N,N,Incremental,Y,1,Bangalore
3786,E6,N,11,1,N,Joined,35,E,Sourcing_portal,M,Y,N,N,Incremental,Y,1,Bangalore
3791,E1,N,2,3,N,Joined,90,E,Direct,M,Y,N,N,Backfill,Y,1,Mumbai
3792,E1,Y,0,3,N,Offer_Decline,NA,E,Campus,M,N,N,N,Incremental,Y,2,Pune
3794,E1,Y,0,2,N,Offer_Decline,NA,E,Campus,M,N,Y,N,Incremental,Y,1,Pune
3797,E2,N,4,6,N,Joined,60,E,Direct,M,Y,Y,N,Incremental,Y,1,Pune
3801,E1,Y,0,12,N,Joined,NA,E,Campus,F,N,Y,N,Backfill,Y,1,Pune
3804,E3,N,3,3,N,Joined,30,U,Employee_Referral,F,N,Y,N,Backfill,Y,1,Pune
3806,E2,N,4,12,Y,Joined,46,E,Sourcing_portal,F,Y,Y,N,Backfill,N,1,Bangalore
3809,E3,N,4,11,N,Joined,40,P,Direct,F,N,Y,N,Incremental,N,1,Mumbai
3811,E2,N,4,2,N,Joined,40,E,Sourcing_portal,F,Y,Y,N,Backfill,N,2,New Delhi
3812,E1,Y,0,7,N,Joined,NA,E,Campus,F,N,Y,Y,Incremental,N,1,Pune
3813,E4,N,6,12,Y,Offer_Decline,35,E,Direct,F,Y,N,N,Backfill,N,1,Pune
3815,E1,Y,0,15,N,Joined,NA,E,Campus,F,N,N,N,Incremental,N,1,Pune
3821,E1,Y,0,7,N,Joined,NA,E,Campus,F,N,Y,N,Incremental,N,1,Pune
3826,E3,N,3,24,N,Joined,30,B,Direct,F,N,Y,N,Incremental,N,1,Pune
3830,E4,N,10,9,N,Joined,35,U,Direct,F,N,Y,N,Incremental,N,1,Bangalore
3831,E1,Y,0,15,N,Joined,NA,E,Campus,F,N,N,N,Backfill,N,1,Mumbai
3832,E2,N,3,11,N,Joined,37,E,Sourcing_portal,F,Y,N,N,Incremental,N,2,New Delhi
3835,E4,N,7,14,N,Joined,35,E,Sourcing_portal,F,Y,N,N,Incremental,N,1,Pune
3836,E1,Y,0,2,N,Joined,NA,E,Campus,F,N,Y,N,Incremental,N,1,Pune
3837,E1,N,1,12,N,Joined,90,E,Sourcing_portal,F,Y,Y,N,Incremental,N,1,Pune
3838,E1,Y,0,11,N,Joined,NA,C,Campus,F,N,Y,N,Incremental,N,2,Mumbai
3841,E1,Y,0,5,N,Joined,NA,E,Campus,F,N,N,Y,Incremental,N,2,Pune
3842,E1,Y,0,2,N,Offer_Decline,NA,E,Campus,F,N,N,N,Incremental,N,1,Pune
3844,E1,N,1,5,N,Joined,90,E,Sourcing_portal,M,Y,N,N,Incremental,N,1,Mumbai
3849,E4,N,10,10,N,Joined,35,B,Sourcing_portal,F,N,Y,N,Incremental,N,1,Pune
3850,E6,N,17,15,Y,Offer_Decline,35,P,Sourcing_portal,M,N,Y,N,Incremental,N,1,Pune
3851,E5,N,9,14,N,Joined,35,B,Sourcing_portal,F,N,Y,N,Incremental,Y,1,Pune
3852,E1,Y,0,7,N,Joined,NA,E,Campus,M,N,N,N,Incremental,Y,1,Bangalore
3854,E1,N,1,14,N,Joined,60,E,Sourcing_portal,F,Y,N,N,Incremental,Y,2,Mumbai
3856,E6,N,19,2,Y,Joined,35,U,Sourcing_portal,M,N,N,N,Incremental,Y,1,New Delhi
3857,E1,N,2,15,N,Offer_Decline,33,E,Sourcing_portal,F,Y,Y,N,Incremental,Y,1,Pune
3858,E2,N,3,7,N,Joined,60,E,Sourcing_portal,M,Y,Y,N,Incremental,N,1,Pune
3860,E1,Y,0,13,N,Joined,NA,E,Campus,F,N,Y,N,Backfill,Y,1,Pune
3862,E2,N,3,8,N,Joined,59,E,Sourcing_portal,M,Y,N,N,Incremental,N,1,Pune
3864,E2,N,3,3,Y,Joined,60,E,Sourcing_portal,F,Y,N,N,Incremental,Y,2,Pune
3866,E2,N,4,3,N,Joined,60,E,Sourcing_portal,M,Y,N,N,Incremental,Y,1,Pune
3868,E1,Y,0,13,N,Offer_Decline,NA,E,Campus,M,N,N,N,Incremental,N,1,Pune
3874,E1,Y,0,13,N,Joined,NA,E,Campus,M,N,N,N,Incremental,N,0,Bangalore
3878,E1,Y,0,3,N,Joined,NA,E,Campus,M,N,N,N,Incremental,N,0,Mumbai
3879,E1,Y,0,13,Y,Joined,NA,E,Campus,M,N,Y,N,Incremental,N,0,New Delhi
3881,E1,Y,0,9,N,Joined,NA,E,Campus,M,N,Y,N,Incremental,N,0,Pune
3888,E1,N,1,15,Y,Offer_Decline,60,E,Direct,M,Y,Y,N,Incremental,N,1,Pune
3889,E2,N,2,6,N,Joined,63,E,Direct,M,Y,Y,N,Incremental,N,1,Pune
3890,E1,N,1,14,N,Joined,75,E,Direct,M,Y,Y,Y,Incremental,N,1,Pune
3892,E5,N,18,11,Y,Joined,35,E,Direct,M,Y,Y,N,Incremental,Y,1,Mumbai
3893,E2,N,2,1,N,Joined,34,E,Direct,F,Y,Y,N,Incremental,N,2,Pune
3894,E6,N,8,8,N,Joined,35,B,Direct,F,N,Y,Y,Incremental,Y,3,Mumbai
3896,E2,N,4,6,N,Offer_Decline,60,E,Direct,F,Y,N,Y,Incremental,N,1,Pune
3901,E6,N,12,12,Y,Joined,35,E,Direct,F,Y,N,Y,Incremental,N,1,Pune
3905,E1,Y,0,10,N,Joined,NA,E,Campus,F,N,Y,N,Backfill,N,1,Pune
3906,E1,N,2,13,N,Joined,60,E,Sourcing_portal,F,Y,Y,N,Incremental,N,1,Bangalore
3911,E4,N,5,8,N,Joined,35,E,Sourcing_portal,F,Y,Y,N,Incremental,Y,1,Mumbai
3914,E3,N,5,6,N,Offer_Decline,35,E,Sourcing_portal,F,Y,N,N,Incremental,Y,1,New Delhi
3916,E3,N,6,12,N,Joined,30,U,Sourcing_portal,F,N,N,N,Incremental,Y,1,Pune
3923,E4,N,8,2,N,Joined,35,E,Sourcing_portal,F,Y,N,N,Incremental,Y,1,Pune
3924,E1,Y,0,1,N,Joined,NA,E,Campus,F,N,Y,N,Incremental,Y,1,Pune
3925,E5,N,13,7,N,Offer_Decline,35,E,Direct,F,Y,Y,N,Incremental,Y,1,Mumbai
3928,E1,N,2,8,N,Joined,40,E,Direct,F,Y,Y,Y,Incremental,Y,2,Pune
3929,E1,N,2,8,N,Joined,60,E,Direct,F,Y,N,N,Incremental,Y,2,Pune
3936,E4,N,8,3,N,Joined,35,E,Direct,F,Y,N,N,Incremental,Y,1,Pune
3937,E2,N,2,6,N,Joined,69,E,Direct,F,Y,N,N,Incremental,Y,1,Pune
3939,E1,Y,0,1,N,Joined,NA,E,Campus,F,N,Y,N,Incremental,Y,1,Pune
3941,E1,Y,0,11,N,Joined,NA,E,Campus,F,N,Y,N,Incremental,N,1,Bangalore
3943,E2,N,4,6,N,Joined,66,E,Coding_Contest,F,Y,Y,N,Incremental,N,1,Mumbai
3946,E4,N,6,4,N,Joined,35,E,Coding_Contest,M,Y,N,Y,Incremental,N,1,New Delhi
3958,E1,Y,0,9,N,Offer_Decline,NA,E,Campus,F,N,N,N,Incremental,N,1,Pune
3959,E1,Y,0,6,N,Joined,NA,E,Campus,M,N,N,N,Backfill,N,1,Pune
3960,E1,Y,0,12,N,Joined,NA,C,Campus,F,N,Y,N,Incremental,N,1,Pune
3966,E1,N,2,9,N,Offer_Decline,30,E,Coding_Contest,M,Y,Y,Y,Incremental,N,1,Pune
3967,E1,Y,0,9,N,Joined,NA,E,Campus,F,N,Y,N,Incremental,N,1,Pune
3970,E1,N,2,6,N,Joined,45,E,Coding_Contest,M,Y,N,N,Incremental,N,1,Bangalore
3971,E2,N,2,6,N,Joined,39,E,Coding_Contest,F,Y,N,N,Incremental,N,1,Mumbai
3973,E2,N,3,7,Y,Joined,49,E,Coding_Contest,M,Y,N,N,Incremental,N,2,New Delhi
3974,E1,Y,0,8,N,Joined,NA,C,Campus,F,N,N,N,Incremental,N,1,Pune
3978,E3,N,6,3,N,Joined,30,E,Direct,M,Y,N,N,Incremental,N,2,Pune
3983,E1,N,1,8,N,Joined,42,E,Direct,F,Y,N,N,Incremental,N,1,Pune
3984,E3,N,3,2,N,Joined,35,E,Direct,M,Y,Y,N,Incremental,N,2,Pune
3986,E3,N,6,10,N,Joined,35,E,Direct,M,Y,Y,N,Incremental,N,1,Pune
3989,E4,N,6,17,N,Offer_Decline,35,E,Direct,M,Y,Y,N,Incremental,N,2,Pune
3998,E4,N,7,6,N,Joined,35,E,Direct,M,Y,Y,N,Incremental,N,1,Pune
4001,E2,N,4,2,N,Joined,30,E,Direct,M,Y,Y,N,Incremental,N,2,Mumbai
4007,E4,N,8,22,Y,Joined,35,E,Direct,M,Y,Y,N,Incremental,N,1,Pune
4008,E5,N,14,6,N,Joined,35,E,Direct,M,Y,Y,N,Incremental,N,1,Pune
4009,E4,N,6,1,N,Joined,35,U,Direct,M,N,Y,N,Backfill,N,1,Bangalore
4012,E1,Y,0,1,N,Joined,NA,E,Campus,M,N,N,N,Incremental,N,2,Mumbai
4013,E5,N,19,6,Y,Joined,35,U,Coding_Contest,M,N,N,Y,Backfill,N,3,New Delhi
4014,E1,Y,0,4,N,Offer_Decline,NA,C,Campus,F,N,Y,N,Incremental,N,1,Pune
4022,E2,N,2,6,N,Joined,60,E,Coding_Contest,F,Y,Y,N,Backfill,N,1,Pune
4025,E1,Y,0,1,N,Joined,NA,E,Campus,F,N,Y,N,Incremental,Y,2,Pune
4030,E2,N,2,13,N,Joined,60,E,Coding_Contest,F,Y,N,N,Backfill,N,1,Pune
4034,E1,Y,0,12,N,Joined,NA,E,Campus,F,N,N,N,Incremental,N,1,Pune
4036,E2,N,2,1,N,Joined,34,E,Coding_Contest,F,Y,N,N,Backfill,Y,1,Pune
4038,E2,N,3,13,N,Joined,23,E,Coding_Contest,F,Y,Y,N,Incremental,Y,1,Pune
4039,E1,Y,0,10,N,Offer_Decline,NA,E,Campus,F,N,Y,N,Backfill,Y,2,Pune
4040,E1,Y,0,3,N,Joined,NA,E,Campus,F,N,Y,N,Incremental,N,1,Pune
4041,E1,Y,0,12,N,Joined,NA,E,Campus,F,N,N,N,Incremental,N,1,Bangalore
4042,E2,N,3,12,N,Joined,37,E,Coding_Contest,F,Y,N,N,Backfill,N,1,Mumbai
4046,E1,Y,0,9,N,Joined,NA,E,Campus,F,N,N,N,Incremental,N,1,New Delhi
4047,E1,N,1,9,N,Joined,30,E,Coding_Contest,F,Y,Y,N,Backfill,N,1,Pune
4049,E2,N,3,13,N,Joined,60,E,Coding_Contest,F,Y,Y,N,Backfill,N,1,Pune
4050,E1,N,1,12,N,Joined,75,E,Coding_Contest,F,Y,Y,N,Backfill,N,2,Pune
4053,E1,Y,0,5,N,Joined,NA,E,Campus,F,N,N,N,Incremental,N,1,Pune
4055,E1,Y,0,15,N,Joined,NA,C,Campus,F,N,N,N,Backfill,N,1,Bangalore
4061,E1,Y,0,6,N,Joined,NA,E,Campus,F,N,N,N,Incremental,N,1,Bangalore
4063,E2,N,2,6,N,Offer_Decline,40,E,Sourcing_portal,F,Y,Y,N,Backfill,N,1,Bangalore
4064,E6,N,11,15,Y,Joined,35,P,Sourcing_portal,M,N,Y,N,Incremental,N,1,Bangalore
4066,E3,N,3,3,N,Joined,35,U,Sourcing_portal,F,N,Y,N,Backfill,N,1,Mumbai
4070,E1,Y,0,2,N,Joined,NA,E,Campus,M,N,N,N,Incremental,N,1,Bangalore
4072,E1,Y,0,10,N,Joined,NA,E,Campus,F,N,N,N,Backfill,N,2,Bangalore
4074,E3,N,5,3,N,Joined,40,P,Sourcing_portal,M,N,N,N,Incremental,N,1,Bangalore
4076,E2,N,2,5,N,Offer_Decline,60,E,Sourcing_portal,F,Y,N,Y,Backfill,N,1,Bangalore
4079,E1,Y,0,10,N,Joined,NA,E,Campus,M,N,N,N,Incremental,N,1,Mumbai
4082,E1,Y,0,10,N,Joined,NA,B,Campus,F,N,N,N,Incremental,N,2,Bangalore
4083,E1,N,1,4,N,Joined,32,E,Coding_Contest,M,Y,Y,N,Incremental,N,2,Bangalore
4084,E2,N,4,11,N,Joined,40,E,Coding_Contest,F,Y,Y,N,Incremental,N,1,Pune
4087,E3,N,6,5,N,Joined,35,E,Coding_Contest,M,Y,Y,N,Incremental,N,1,Bangalore
4088,E3,N,6,5,N,Joined,40,P,Coding_Contest,F,N,Y,N,Backfill,N,1,Bangalore
4092,E4,N,10,15,Y,Joined,35,E,Coding_Contest,M,Y,Y,Y,Incremental,N,1,Bangalore
4096,E1,N,2,34,N,Joined,40,E,Coding_Contest,M,Y,Y,N,Incremental,N,1,Mumbai
4097,E2,N,2,5,N,Joined,30,E,Coding_Contest,M,Y,Y,N,Incremental,Y,1,Pune
4103,E2,N,4,10,N,Offer_Decline,43,E,Coding_Contest,M,Y,Y,N,Backfill,N,2,Bangalore
4105,E1,N,2,7,N,Joined,90,E,Coding_Contest,M,Y,N,N,Backfill,N,1,Bangalore
4107,E1,Y,0,3,N,Joined,NA,E,Campus,F,N,N,N,Backfill,Y,1,Bangalore
4110,E1,N,1,12,N,Joined,30,E,Employee_Referral,F,Y,Y,N,Incremental,Y,1,Bangalore
4112,E1,Y,0,3,N,Joined,NA,E,Campus,F,N,Y,N,Backfill,Y,1,Bangalore
4115,E1,Y,0,12,N,Joined,NA,E,Campus,M,N,Y,N,Incremental,N,1,Bangalore
4116,E1,Y,0,14,N,Joined,NA,E,Campus,M,N,N,N,Backfill,N,2,Bangalore
4121,E1,Y,0,4,N,Joined,NA,E,Campus,M,N,N,N,Incremental,N,1,Bangalore
4122,E2,N,3,9,N,Offer_Decline,21,E,Employee_Referral,M,Y,N,N,Incremental,N,1,Bangalore
4128,E2,N,2,5,N,Joined,60,E,Employee_Referral,M,Y,Y,N,Incremental,N,1,Bangalore
4133,E1,Y,0,9,N,Joined,NA,E,Campus,M,N,Y,N,Incremental,N,1,Bangalore
4134,E1,Y,0,3,N,Joined,NA,E,Campus,M,N,Y,N,Incremental,N,1,Bangalore
4136,E1,Y,0,10,N,Joined,NA,E,Campus,M,N,N,Y,Incremental,N,1,Mumbai
4138,E3,N,3,5,N,Joined,30,E,Employee_Referral,M,Y,N,N,Incremental,N,2,Pune
4144,E2,N,3,3,N,Joined,60,E,Employee_Referral,M,Y,N,N,Incremental,N,3,Pune
4146,E1,Y,0,8,N,Joined,NA,E,Campus,M,N,Y,N,Incremental,Y,1,Pune
4149,E3,N,6,4,N,Joined,30,P,Direct,M,N,Y,N,Incremental,Y,1,Pune
4151,E2,N,4,3,N,Joined,60,E,Employee_Referral,F,Y,Y,N,Incremental,Y,1,Pune
4153,E2,N,2,13,N,Joined,38,E,Sourcing_portal,M,Y,N,N,Incremental,Y,1,Bangalore
4154,E1,Y,0,8,N,Joined,NA,E,Campus,M,N,N,N,Incremental,Y,1,Mumbai
4155,E4,N,7,14,N,Offer_Decline,35,B,Direct,M,N,N,Y,Backfill,N,1,New Delhi
4157,E2,N,4,6,N,Joined,30,E,Employee_Referral,F,Y,Y,N,Incremental,Y,1,Pune
4158,E1,Y,0,3,N,Joined,NA,E,Campus,F,N,Y,Y,Incremental,N,1,Pune
4164,E2,N,3,4,N,Joined,36,E,Direct,F,Y,Y,N,Incremental,Y,1,Pune
4165,E3,N,6,15,N,Joined,30,U,Employee_Referral,M,N,N,N,Backfill,Y,1,Pune
4167,E1,N,1,12,N,Joined,40,E,Direct,M,Y,N,N,Backfill,N,2,Pune
4169,E4,N,5,6,N,Offer_Decline,35,E,Employee_Referral,M,Y,N,Y,Backfill,N,2,Bangalore
4172,E3,N,6,7,N,Joined,40,U,Employee_Referral,M,N,N,N,Incremental,N,1,Mumbai
4173,E1,N,2,6,N,Joined,60,E,Employee_Referral,M,Y,N,N,Backfill,N,1,New Delhi
4176,E1,Y,0,15,N,Joined,NA,E,Campus,F,N,N,Y,Incremental,N,1,Pune
4178,E1,Y,0,12,N,Joined,NA,E,Campus,F,N,Y,N,Backfill,N,1,Pune
4179,E2,N,3,14,N,Joined,60,E,Sourcing_portal,F,Y,Y,N,Incremental,N,1,Pune
4180,E3,N,3,3,N,Offer_Decline,30,U,Sourcing_portal,M,N,Y,N,Incremental,N,1,Pune
4183,E1,Y,0,11,Y,Joined,NA,E,Campus,M,N,Y,N,Incremental,Y,1,Pune
4187,E1,Y,0,4,N,Joined,NA,E,Campus,F,N,Y,N,Incremental,N,1,Pune
4190,E6,N,10,8,N,Offer_Decline,35,E,Sourcing_portal,M,Y,Y,N,Backfill,Y,1,Pune
4191,E1,Y,0,7,N,Joined,NA,E,Campus,M,N,Y,N,Incremental,N,1,Pune
4192,E1,Y,0,1,N,Joined,NA,E,Campus,M,N,Y,N,Incremental,N,1,Pune
4193,E4,N,9,2,N,Joined,35,E,Sourcing_portal,F,Y,N,N,Incremental,N,1,Pune
4194,E1,Y,0,13,N,Joined,NA,E,Campus,F,N,N,N,Incremental,N,1,Bangalore
4203,E1,N,1,50,Y,Joined,36,E,Sourcing_portal,F,Y,Y,N,Incremental,Y,2,Mumbai
4207,E1,Y,0,9,N,Joined,NA,E,Campus,M,N,Y,Y,Incremental,Y,1,New Delhi
4209,E4,N,7,11,N,Joined,35,P,Sourcing_portal,M,N,Y,N,Incremental,Y,2,Pune
4211,E6,N,16,13,N,Offer_Decline,35,P,Sourcing_portal,M,N,N,N,Incremental,Y,1,Pune
4215,E4,N,9,34,Y,Joined,35,E,Sourcing_portal,M,Y,N,N,Incremental,Y,2,Pune
4216,E4,N,10,17,N,Joined,35,E,Sourcing_portal,M,Y,N,N,Incremental,Y,1,Pune
4219,E1,N,2,5,N,Joined,75,E,Sourcing_portal,F,Y,Y,N,Incremental,Y,2,Pune
4220,E3,N,5,1,N,Joined,30,P,Sourcing_portal,F,N,Y,N,Incremental,Y,1,Pune
4221,E1,Y,0,6,N,Joined,NA,E,Campus,F,N,Y,N,Incremental,Y,2,Mumbai
4222,E1,Y,0,5,N,Offer_Decline,NA,E,Campus,M,N,N,N,Incremental,Y,1,New Delhi
4225,E1,Y,0,4,N,Joined,NA,E,Campus,M,N,N,N,Incremental,Y,1,Pune
4226,E1,Y,0,6,N,Joined,NA,E,Campus,M,N,N,N,Incremental,N,1,Pune
4229,E2,N,2,9,N,Joined,45,E,Employee_Referral,M,Y,Y,N,Backfill,N,2,Pune
4230,E2,N,3,11,N,Offer_Decline,41,E,Employee_Referral,M,Y,Y,N,Incremental,N,3,Pune
4231,E1,Y,0,7,N,Joined,NA,C,Campus,M,N,Y,N,Incremental,N,1,Bangalore
4232,E2,N,4,9,N,Joined,41,E,Employee_Referral,M,Y,N,N,Incremental,N,1,Bangalore
4235,E1,Y,0,9,N,Joined,NA,E,Campus,M,N,N,N,Incremental,N,2,Bangalore
4238,E1,Y,0,1,N,Joined,NA,E,Campus,M,N,N,N,Incremental,N,1,Bangalore
4239,E1,Y,0,8,N,Joined,NA,E,Campus,M,N,Y,N,Incremental,N,1,Mumbai
4240,E1,Y,0,15,N,Joined,NA,E,Campus,M,N,Y,N,Incremental,N,1,Bangalore
4241,E2,N,2,1,N,Joined,41,E,Direct,M,Y,Y,N,Incremental,N,1,Bangalore
4242,E1,N,1,15,Y,Offer_Decline,75,E,Direct,F,Y,N,N,Incremental,N,2,Bangalore
4245,E1,N,1,3,N,Joined,40,E,Direct,M,Y,N,N,Incremental,N,1,Bangalore
4246,E1,Y,0,15,N,Joined,NA,C,Campus,M,N,N,N,Incremental,N,1,Mumbai
4247,E1,Y,0,5,N,Joined,NA,E,Campus,M,N,N,N,Incremental,N,1,Bangalore
4248,E2,N,3,8,N,Joined,60,E,Direct,F,Y,N,N,Incremental,N,1,Bangalore
4250,E2,N,3,6,N,Joined,60,E,Direct,F,Y,N,Y,Incremental,N,1,Pune
4252,E1,Y,0,9,N,Joined,NA,E,Campus,F,N,Y,N,Incremental,N,1,Bangalore
4253,E5,N,9,10,N,Joined,35,U,Employee_Referral,M,N,Y,N,Incremental,N,2,Bangalore
4254,E1,Y,0,2,N,Joined,NA,E,Campus,M,N,Y,N,Backfill,N,1,Bangalore
4256,E1,Y,0,10,N,Joined,NA,E,Campus,M,N,Y,N,Incremental,N,1,Mumbai
4257,E1,Y,0,14,N,Joined,NA,E,Campus,M,N,Y,N,Incremental,Y,1,Pune
4258,E1,Y,0,14,N,Offer_Decline,NA,E,Campus,M,N,Y,N,Incremental,Y,1,Pune
4261,E1,Y,0,34,N,Joined,NA,E,Campus,F,N,Y,N,Incremental,Y,1,Pune
4262,E3,N,4,8,N,Joined,35,B,Sourcing_portal,F,N,Y,N,Incremental,Y,1,Pune
4266,E1,Y,0,14,N,Joined,NA,E,Campus,F,N,N,N,Incremental,Y,1,Pune
4269,E1,Y,0,6,N,Joined,NA,E,Campus,M,N,N,N,Incremental,N,2,Pune
4273,E2,N,3,6,N,Joined,33,E,Sourcing_portal,M,Y,Y,N,Incremental,Y,1,Pune
4274,E1,Y,0,2,N,Joined,NA,E,Campus,M,N,Y,N,Incremental,N,1,Pune
4276,E2,N,4,9,N,Joined,41,E,Sourcing_portal,M,Y,Y,N,Incremental,Y,1,Bangalore
4279,E2,N,3,7,N,Joined,31,E,Employee_Referral,M,Y,N,N,Incremental,Y,2,Mumbai
4281,E2,N,4,15,N,Joined,60,E,Sourcing_portal,M,Y,N,N,Incremental,N,2,New Delhi
4286,E2,N,3,2,N,Joined,30,E,Direct,M,Y,N,N,Incremental,N,1,Pune
4289,E1,N,1,14,N,Joined,30,E,Direct,M,Y,Y,N,Incremental,N,1,Pune
4291,E4,N,9,7,N,Offer_Decline,35,E,Direct,M,Y,Y,Y,Incremental,N,1,Pune
4293,E2,N,3,9,N,Joined,60,E,Direct,M,Y,Y,N,Incremental,N,1,Pune
4295,E2,N,2,13,Y,Joined,48,E,Sourcing_portal,M,Y,N,N,Backfill,N,1,Pune
4297,E2,N,2,7,N,Joined,60,E,Sourcing_portal,M,Y,N,N,Incremental,N,1,Pune
4298,E4,N,9,10,N,Offer_Decline,35,E,Sourcing_portal,F,Y,N,N,Incremental,N,2,Mumbai
4305,E1,Y,0,9,N,Offer_Decline,NA,E,Campus,M,N,Y,N,Incremental,Y,1,New Delhi
4306,E3,N,6,1,N,Joined,30,C,Sourcing_portal,M,N,Y,N,Incremental,N,1,Pune
4307,E5,N,12,12,N,Joined,35,E,Sourcing_portal,M,Y,Y,N,Incremental,Y,1,Pune
4308,E1,Y,0,13,N,Joined,NA,E,Campus,F,N,N,N,Incremental,N,1,Pune
4310,E5,N,11,1,Y,Joined,35,E,Direct,F,Y,N,N,Incremental,N,1,Pune
4311,E3,N,5,15,N,Joined,30,B,Direct,F,N,N,N,Incremental,N,2,Bangalore
4312,E3,N,3,5,N,Offer_Decline,60,E,Direct,M,Y,Y,N,Incremental,N,1,Bangalore
4313,E1,Y,0,14,N,Joined,NA,E,Campus,M,N,Y,N,Incremental,Y,1,Bangalore
4316,E1,Y,0,1,N,Joined,NA,E,Campus,M,N,Y,N,Incremental,Y,0,Bangalore
4317,E1,Y,0,12,N,Joined,NA,E,Campus,M,N,N,N,Incremental,Y,0,Pune
4319,E3,N,5,5,N,Joined,30,U,Direct,M,N,N,N,Incremental,Y,2,Bangalore
4321,E4,N,8,4,N,Joined,35,E,Direct,F,Y,N,N,Incremental,Y,2,Bangalore
4322,E4,N,10,15,N,Offer_Decline,35,B,Direct,F,N,N,N,Incremental,Y,3,Bangalore
4326,E1,Y,0,1,N,Joined,NA,E,Campus,F,N,N,N,Incremental,Y,0,Mumbai
4332,E3,N,6,4,N,Joined,40,E,Direct,M,Y,N,N,Backfill,Y,3,Pune
4338,E1,Y,0,2,N,Joined,NA,E,Campus,M,N,Y,N,Incremental,Y,0,Pune
4340,E1,Y,0,11,N,Joined,NA,E,Campus,M,N,Y,N,Backfill,Y,0,Pune
4341,E1,N,2,4,N,Joined,40,E,Direct,M,Y,Y,N,Incremental,Y,1,Pune
4342,E1,Y,0,14,N,Joined,NA,E,Campus,M,N,Y,N,Backfill,N,1,Pune
4343,E6,N,19,5,Y,Offer_Decline,35,E,Sourcing_portal,M,Y,Y,N,Incremental,N,1,Pune
4344,E3,N,5,13,N,Joined,30,E,Employee_Referral,M,Y,Y,N,Backfill,N,1,Pune
4345,E1,N,1,6,N,Joined,44,E,Sourcing_portal,M,Y,Y,Y,Incremental,N,2,Pune
4346,E1,N,2,1,N,Joined,30,E,Sourcing_portal,M,Y,Y,N,Backfill,N,3,Bangalore
4350,E3,N,3,2,N,Joined,40,B,Employee_Referral,M,N,N,N,Incremental,N,1,Mumbai
4354,E2,N,4,6,N,Joined,60,E,Sourcing_portal,M,Y,N,N,Backfill,N,1,New Delhi
4359,E3,N,5,3,N,Joined,30,P,Sourcing_portal,M,N,Y,N,Incremental,N,1,Pune
4360,E2,N,4,7,N,Joined,41,E,Employee_Referral,F,Y,Y,N,Incremental,N,1,Pune
4361,E6,N,16,6,Y,Joined,35,E,Sourcing_portal,M,Y,Y,Y,Backfill,N,1,Pune
4362,E3,N,5,50,N,Joined,35,E,Sourcing_portal,M,Y,N,N,Incremental,N,1,Pune
4366,E1,N,2,11,Y,Joined,60,E,Employee_Referral,M,Y,N,Y,Backfill,N,1,Bangalore
4367,E1,N,1,2,N,Offer_Decline,10,E,Sourcing_portal,F,Y,N,N,Backfill,N,1,Bangalore
4368,E2,N,3,9,N,Joined,60,E,Direct,F,Y,Y,N,Backfill,N,1,Pune
4373,E2,N,4,2,N,Joined,43,E,Direct,F,Y,Y,N,Incremental,N,1,Bangalore
4375,E1,Y,0,15,Y,Offer_Decline,NA,E,Campus,M,N,Y,N,Backfill,N,2,Bangalore
4379,E2,N,3,11,N,Joined,60,E,Direct,M,Y,N,N,Incremental,N,2,Bangalore
4382,E1,Y,0,13,N,Joined,NA,E,Campus,M,N,N,Y,Backfill,N,1,Mumbai
4384,E3,N,3,13,Y,Joined,30,P,Direct,M,N,N,N,Incremental,N,1,Pune
4386,E4,N,6,7,N,Joined,35,E,Direct,M,Y,Y,N,Backfill,N,1,Pune
4387,E1,N,1,10,N,Joined,40,E,Direct,F,Y,Y,N,Incremental,N,1,Pune
4388,E1,Y,0,15,N,Joined,NA,E,Campus,F,N,Y,N,Backfill,N,1,Pune
4389,E1,Y,0,10,N,Joined,NA,E,Campus,F,N,N,N,Incremental,N,1,Pune
4390,E2,N,4,11,N,Joined,65,E,Direct,M,Y,N,N,Backfill,N,1,Pune
4391,E1,Y,0,2,N,Joined,NA,E,Campus,M,N,N,N,Incremental,N,1,Pune
4394,E2,N,2,11,N,Joined,60,E,Direct,M,Y,Y,N,Incremental,N,1,Pune
4396,E1,Y,0,12,N,Joined,NA,E,Direct,M,N,Y,N,Incremental,Y,1,Bangalore
4400,E3,N,4,7,N,Joined,30,C,Direct,M,N,Y,N,Incremental,N,1,Mumbai
4401,E1,N,1,7,N,Joined,30,E,Direct,M,Y,N,N,Incremental,N,1,New Delhi
4404,E1,Y,0,11,N,Joined,NA,E,Campus,M,N,N,Y,Backfill,Y,1,Pune
4407,E1,Y,0,45,Y,Joined,NA,E,Campus,M,N,N,N,Incremental,Y,2,Pune
4409,E1,Y,0,8,N,Joined,NA,E,Campus,M,N,N,N,Incremental,Y,1,Pune
4410,E1,N,1,10,N,Joined,36,E,Employee_Referral,M,Y,N,N,Incremental,N,2,Pune
4412,E2,N,2,12,N,Joined,38,E,Employee_Referral,F,Y,N,N,Incremental,N,1,Bangalore
4413,E1,Y,0,10,N,Joined,NA,E,Campus,F,N,Y,N,Incremental,N,2,Bangalore
4415,E1,N,2,14,N,Joined,20,E,Sourcing_portal,F,Y,Y,N,Incremental,N,1,Pune
4416,E4,N,8,9,N,Offer_Decline,35,E,Sourcing_portal,F,Y,Y,N,Incremental,N,2,Bangalore
4418,E4,N,7,11,N,Joined,35,E,Sourcing_portal,F,Y,Y,Y,Incremental,N,1,Bangalore
4420,E1,N,2,5,N,Joined,30,E,Sourcing_portal,F,Y,Y,N,Incremental,N,2,Bangalore
4421,E1,Y,0,2,N,Joined,NA,E,Campus,F,N,Y,N,Incremental,N,1,Mumbai
4422,E2,N,3,3,N,Joined,60,E,Employee_Referral,F,Y,Y,N,Incremental,N,1,Pune
4424,E3,N,6,2,N,Joined,30,E,Employee_Referral,F,Y,Y,N,Incremental,N,1,Pune
4425,E1,Y,0,6,N,Offer_Decline,NA,E,Campus,F,N,N,N,Incremental,N,2,Pune
4428,E1,N,1,12,N,Joined,40,E,Employee_Referral,F,Y,N,N,Incremental,N,3,Pune
4431,E2,N,4,3,N,Joined,60,E,Employee_Referral,F,Y,Y,N,Incremental,N,1,Pune
4432,E2,N,3,7,N,Joined,37,E,Employee_Referral,F,Y,Y,N,Incremental,N,1,Pune
4444,E1,N,1,5,N,Joined,90,E,Employee_Referral,F,Y,Y,Y,Incremental,N,2,Pune
4445,E1,Y,0,11,N,Joined,NA,E,Campus,F,N,N,N,Backfill,N,1,Pune
4446,E1,Y,0,5,N,Joined,NA,E,Campus,F,N,N,N,Incremental,N,1,Bangalore
4448,E1,Y,0,7,N,Joined,NA,E,Campus,F,N,N,N,Incremental,N,1,Mumbai
4449,E1,Y,0,15,N,Joined,NA,E,Campus,F,N,Y,N,Incremental,N,1,New Delhi
4450,E1,Y,0,6,N,Joined,NA,E,Campus,F,N,Y,N,Backfill,N,2,Pune
4451,E6,N,9,14,N,Offer_Decline,35,U,Employee_Referral,M,N,Y,N,Backfill,N,1,Pune
4453,E1,Y,0,13,N,Joined,NA,E,Campus,F,N,N,N,Backfill,N,1,Pune
4454,E1,N,2,11,N,Joined,43,E,Employee_Referral,M,Y,N,N,Incremental,N,1,Pune
4455,E1,N,1,11,Y,Joined,60,E,Employee_Referral,F,Y,N,N,Backfill,N,1,Bangalore
4460,E1,Y,0,15,N,Joined,NA,E,Campus,M,N,Y,N,Incremental,N,1,Bangalore
4467,E3,N,5,11,N,Offer_Decline,30,E,Employee_Referral,F,Y,Y,N,Backfill,Y,1,Pune
4468,E3,N,5,10,N,Joined,30,U,Employee_Referral,M,N,Y,N,Incremental,N,2,Bangalore
4469,E1,Y,0,14,N,Joined,NA,E,Campus,F,N,N,Y,Incremental,N,1,Bangalore
4474,E1,Y,0,14,N,Joined,NA,E,Campus,M,N,N,N,Incremental,Y,1,Bangalore
4475,E1,N,1,8,N,Joined,30,E,Employee_Referral,F,Y,N,N,Incremental,Y,1,Mumbai
4479,E1,N,2,10,N,Joined,60,E,Employee_Referral,M,Y,Y,N,Incremental,Y,1,Pune
4480,E3,N,4,12,N,Joined,30,U,Employee_Referral,F,N,Y,N,Incremental,N,1,Pune
4482,E1,Y,0,7,N,Joined,NA,E,Campus,M,N,Y,N,Incremental,N,1,Pune
4483,E4,N,8,9,N,Joined,35,B,Employee_Referral,M,N,N,N,Incremental,N,1,Pune
4484,E1,Y,0,10,N,Joined,NA,E,Campus,M,N,N,N,Incremental,N,2,Pune
4485,E2,N,4,11,N,Joined,44,E,Employee_Referral,M,Y,N,N,Backfill,N,1,Pune
4486,E1,Y,0,4,N,Joined,NA,E,Campus,M,N,N,N,Incremental,N,1,Pune
4487,E1,Y,0,3,N,Offer_Decline,NA,E,Campus,M,N,N,N,Incremental,N,1,Pune
4491,E5,N,14,12,N,Joined,35,P,Employee_Referral,M,N,N,N,Incremental,N,2,Bangalore
4493,E3,N,4,7,N,Joined,35,E,Employee_Referral,M,Y,Y,N,Backfill,N,2,Mumbai
4496,E2,N,3,1,N,Joined,30,E,Employee_Referral,M,Y,Y,N,Backfill,N,1,New Delhi
4499,E1,Y,0,11,Y,Joined,NA,E,Campus,M,N,Y,N,Backfill,Y,1,Pune
4501,E1,Y,0,9,N,Offer_Decline,NA,E,Campus,F,N,Y,N,Incremental,Y,1,Pune
4502,E1,Y,0,11,N,Joined,NA,E,Campus,F,N,Y,N,Backfill,Y,1,Pune
4506,E1,Y,0,15,N,Joined,NA,E,Campus,F,N,Y,N,Incremental,Y,1,Pune
4507,E2,N,2,2,N,Joined,60,E,Employee_Referral,F,Y,Y,N,Backfill,Y,1,Pune
4508,E3,N,6,9,N,Joined,35,E,Employee_Referral,F,Y,Y,N,Incremental,N,2,Bangalore
4512,E2,N,2,15,N,Joined,30,E,Employee_Referral,F,Y,N,N,Backfill,Y,1,Mumbai
4513,E1,Y,0,1,N,Offer_Decline,NA,E,Campus,F,N,N,N,Backfill,N,1,New Delhi
4514,E4,N,5,7,N,Joined,35,E,Employee_Referral,F,Y,Y,N,Backfill,Y,1,Pune
4517,E3,N,3,3,N,Joined,30,C,Employee_Referral,F,N,Y,N,Incremental,Y,1,Pune
4518,E3,N,5,5,N,Joined,30,C,Employee_Referral,F,N,Y,N,Backfill,N,1,Pune
4519,E4,N,5,30,N,Joined,35,E,Employee_Referral,F,Y,N,Y,Incremental,N,2,Pune
4520,E1,Y,0,7,N,Joined,NA,E,Campus,F,N,N,N,Backfill,N,1,Pune
4523,E3,N,6,5,N,Joined,30,U,Direct,F,N,N,N,Incremental,N,1,Pune
4526,E1,Y,0,15,N,Joined,NA,E,Campus,F,N,Y,N,Backfill,N,0,Pune
4527,E1,Y,0,2,N,Joined,NA,E,Campus,F,N,Y,N,Backfill,N,0,Pune
4529,E1,Y,0,10,N,Joined,NA,E,Campus,F,N,Y,N,Backfill,N,0,Pune
4530,E1,Y,0,3,N,Joined,NA,E,Campus,F,N,N,N,Incremental,N,0,Pune
4531,E3,N,5,11,N,Joined,30,E,Direct,F,Y,N,N,Backfill,Y,3,Bangalore
4532,E3,N,4,59,N,Joined,30,U,Direct,F,N,N,N,Incremental,N,3,Mumbai
4533,E1,Y,0,5,N,Joined,NA,C,Campus,M,N,Y,N,Backfill,Y,0,New Delhi
4534,E2,N,2,15,N,Offer_Decline,30,E,Direct,F,Y,Y,N,Incremental,N,1,Pune
4535,E2,N,3,8,N,Joined,57,E,Direct,M,Y,Y,N,Backfill,N,2,Pune
4536,E2,N,3,8,N,Joined,39,E,Direct,F,Y,N,N,Incremental,N,3,Pune
4538,E3,N,5,7,N,Joined,40,U,Direct,M,N,N,N,Backfill,N,3,Pune
4542,E1,Y,0,10,N,Joined,NA,E,Campus,F,N,N,N,Incremental,Y,0,Pune
4545,E1,Y,0,15,Y,Offer_Decline,NA,E,Campus,M,N,Y,Y,Backfill,Y,0,Pune
4547,E1,Y,0,1,N,Joined,NA,E,Campus,F,N,Y,N,Incremental,Y,0,Pune
4548,E1,Y,0,11,N,Joined,NA,E,Campus,M,N,Y,N,Incremental,Y,0,Pune
4552,E1,Y,0,6,N,Joined,NA,E,Campus,F,N,N,N,Backfill,Y,0,Pune
4553,E2,N,4,10,N,Joined,60,E,Direct,M,Y,N,N,Incremental,Y,3,Bangalore
4554,E1,Y,0,14,N,Joined,NA,E,Campus,F,N,N,N,Backfill,Y,0,Mumbai
4555,E1,N,1,11,Y,Joined,45,E,Direct,M,Y,N,N,Backfill,Y,1,New Delhi
4557,E1,Y,0,12,N,Joined,NA,E,Campus,M,N,N,N,Backfill,Y,2,Pune
4561,E1,Y,0,13,Y,Joined,NA,C,Campus,M,N,N,N,Incremental,Y,3,Pune
4566,E1,Y,0,4,N,Joined,NA,E,Campus,M,N,Y,Y,Backfill,Y,0,Pune
4573,E2,N,2,14,N,Offer_Decline,38,E,Direct,M,Y,Y,N,Incremental,N,1,Pune
4574,E4,N,5,7,N,Joined,35,B,Direct,M,N,Y,N,Backfill,N,2,Pune
4577,E4,N,6,13,N,Joined,35,B,Direct,M,N,Y,N,Incremental,N,3,Bangalore
4578,E6,N,19,6,N,Offer_Decline,35,E,Direct,M,Y,Y,N,Backfill,N,1,Mumbai
4579,E1,N,2,14,Y,Joined,90,E,Direct,M,Y,Y,N,Incremental,N,2,New Delhi
4582,E6,N,18,9,N,Joined,35,P,Direct,M,N,Y,Y,Backfill,N,1,Pune
4589,E6,N,11,15,N,Joined,35,E,Direct,F,Y,Y,N,Incremental,N,1,Pune
4591,E1,Y,0,9,N,Joined,NA,E,Campus,F,N,N,N,Backfill,N,0,Pune
4592,E3,N,6,11,N,Joined,30,E,Direct,F,Y,N,N,Incremental,N,1,Pune
4593,E1,Y,0,1,N,Joined,NA,E,Campus,F,N,Y,N,Incremental,N,0,Pune
4595,E4,N,9,15,N,Joined,35,E,Direct,F,Y,Y,N,Incremental,N,1,Pune
4598,E1,Y,0,9,N,Joined,NA,E,Campus,F,N,Y,N,Incremental,N,0,Pune
4600,E4,N,5,3,N,Joined,35,E,Direct,F,Y,N,N,Incremental,N,2,Pune
4601,E1,Y,0,7,N,Joined,NA,E,Campus,F,N,N,N,Incremental,N,0,Pune
4603,E2,N,2,10,N,Joined,30,E,Direct,F,Y,N,N,Incremental,N,3,Pune
4609,E1,Y,0,13,N,Offer_Decline,NA,E,Campus,F,N,Y,N,Incremental,N,0,Bangalore
4618,E3,N,4,15,Y,Joined,30,U,Direct,F,N,Y,N,Incremental,N,2,Mumbai
4620,E2,N,2,4,N,Joined,37,E,Direct,F,Y,Y,N,Incremental,N,3,New Delhi
4621,E1,Y,0,1,N,Joined,NA,E,Campus,F,N,N,N,Backfill,N,0,Pune
4622,E1,N,1,15,N,Joined,60,E,Direct,F,Y,N,N,Incremental,N,1,Pune
4625,E1,Y,0,3,N,Joined,NA,E,Campus,F,N,N,N,Incremental,Y,0,Pune
4626,E1,Y,0,1,N,Joined,NA,E,Campus,F,N,Y,N,Incremental,Y,0,Pune
4631,E5,N,16,12,N,Offer_Decline,35,E,Direct,F,Y,Y,N,Backfill,Y,2,Pune
4639,E1,Y,0,9,N,Joined,NA,E,Campus,F,N,Y,Y,Backfill,Y,0,Pune
4644,E4,N,8,78,Y,Joined,35,P,Direct,F,N,N,N,Backfill,Y,2,Pune
4647,E5,N,15,2,N,Joined,35,B,Employee_Referral,M,N,N,N,Incremental,N,2,Pune
4649,E6,N,11,11,N,Joined,35,P,Employee_Referral,F,N,N,N,Backfill,Y,2,Pune
4656,E6,N,8,3,N,Joined,35,E,Employee_Referral,M,Y,Y,N,Incremental,N,2,Bangalore
4665,E1,Y,0,6,N,Joined,NA,E,Direct,F,N,Y,N,Backfill,Y,0,Mumbai
4666,E3,N,6,15,N,Joined,30,C,Direct,M,N,Y,N,Incremental,Y,2,New Delhi
4668,E3,N,3,9,N,Joined,35,E,Direct,F,Y,N,N,Incremental,N,1,Pune
4669,E1,Y,0,9,N,Joined,NA,E,Direct,M,N,N,N,Incremental,N,0,Pune
4672,E4,N,5,6,N,Joined,35,E,Sourcing_portal,F,Y,N,N,Incremental,N,2,Pune
4673,E5,N,15,9,Y,Offer_Decline,35,E,Sourcing_portal,M,Y,N,N,Incremental,N,2,Pune
4676,E2,N,4,9,N,Joined,30,E,Sourcing_portal,F,Y,N,N,Incremental,N,2,Bangalore
4677,E1,Y,0,15,N,Joined,NA,E,Campus,M,N,N,N,Incremental,N,0,Bangalore
4678,E1,Y,0,2,N,Joined,NA,E,Campus,F,N,Y,N,Incremental,N,0,Bangalore
4680,E1,Y,0,11,N,Joined,NA,E,Campus,M,N,Y,N,Incremental,N,0,Bangalore
4683,E1,Y,0,4,N,Offer_Decline,NA,E,Campus,M,N,Y,N,Incremental,Y,0,Bangalore
4685,E1,Y,0,1,N,Joined,NA,E,Campus,M,N,Y,N,Incremental,N,0,Bangalore
4687,E3,N,6,1,N,Joined,60,E,Sourcing_portal,M,Y,Y,N,Incremental,Y,2,Bangalore
4690,E1,N,1,4,N,Joined,40,E,Sourcing_portal,M,Y,Y,N,Incremental,N,1,Bangalore
4692,E3,N,3,12,N,Joined,60,E,Sourcing_portal,F,Y,Y,N,Backfill,N,1,Bangalore
4696,E1,N,1,14,N,Joined,30,E,Sourcing_portal,F,Y,Y,N,Incremental,N,1,Bangalore
4698,E1,Y,0,7,N,Joined,NA,E,Campus,F,N,N,N,Incremental,N,0,Bangalore
4701,E4,N,8,3,N,Joined,35,E,Sourcing_portal,M,Y,N,N,Incremental,Y,2,Bangalore
4703,E2,N,3,15,Y,Joined,60,E,Sourcing_portal,M,Y,Y,Y,Backfill,Y,1,Bangalore
4704,E3,N,4,12,N,Joined,40,P,Sourcing_portal,M,N,Y,N,Backfill,Y,2,Bangalore
4705,E1,Y,0,5,N,Joined,NA,E,Campus,M,N,Y,N,Backfill,Y,0,Bangalore
4707,E4,N,8,13,N,Joined,35,P,Sourcing_portal,M,N,N,N,Incremental,Y,3,Bangalore
4711,E4,N,10,4,N,Joined,35,B,Sourcing_portal,M,N,N,Y,Backfill,Y,2,Mumbai
4712,E1,N,2,9,N,Joined,35,E,Sourcing_portal,M,Y,N,N,Incremental,Y,2,Pune
4714,E1,Y,0,8,N,Joined,NA,E,Campus,M,N,Y,N,Backfill,Y,0,Bangalore
4717,E1,Y,0,14,N,Joined,NA,E,Campus,M,N,Y,N,Incremental,Y,0,Bangalore
4718,E4,N,10,8,N,Joined,35,E,Sourcing_portal,M,Y,Y,N,Incremental,Y,3,Bangalore
4719,E1,Y,0,5,N,Offer_Decline,NA,E,Campus,M,N,N,N,Incremental,Y,0,Bangalore
4722,E3,N,5,3,N,Joined,40,B,Sourcing_portal,M,N,N,N,Incremental,N,2,Bangalore
4731,E2,N,2,7,N,Joined,60,E,Sourcing_portal,F,Y,N,N,Backfill,N,2,Bangalore
4732,E1,N,1,6,N,Joined,60,E,Sourcing_portal,M,Y,N,N,Incremental,N,2,Bangalore
4737,E1,N,1,6,N,Joined,38,E,Sourcing_portal,M,Y,N,N,Incremental,N,2,Bangalore
4738,E1,Y,0,12,N,Joined,NA,E,Campus,M,N,N,N,Incremental,N,0,Bangalore
4741,E1,N,2,8,N,Joined,40,E,Sourcing_portal,F,Y,N,N,Incremental,N,2,Bangalore
4743,E2,N,4,3,N,Joined,60,E,Sourcing_portal,F,Y,N,N,Incremental,N,1,Bangalore
4744,E1,Y,0,11,N,Joined,NA,E,Campus,F,N,N,N,Incremental,N,0,Bangalore
4745,E1,Y,0,2,N,Joined,NA,E,Campus,M,N,N,N,Incremental,N,0,Mumbai
4747,E1,N,1,12,N,Offer_Decline,90,E,Sourcing_portal,M,Y,N,N,Incremental,N,1,Pune
4748,E1,Y,0,8,N,Joined,NA,E,Campus,M,N,N,N,Incremental,N,0,Pune
4749,E2,N,4,14,N,Joined,41,E,Sourcing_portal,M,Y,N,N,Incremental,N,3,Pune
4751,E1,Y,0,6,N,Joined,NA,E,Campus,M,N,N,Y,Incremental,N,0,Pune
4752,E4,N,8,15,N,Joined,35,B,Sourcing_portal,F,N,N,N,Incremental,N,2,Pune
4756,E1,Y,0,15,N,Joined,NA,E,Campus,F,N,N,N,Incremental,N,0,Bangalore
4759,E1,Y,0,15,Y,Offer_Decline,NA,E,Campus,F,N,N,N,Incremental,N,0,Mumbai
4762,E3,N,6,6,N,Joined,30,C,Sourcing_portal,M,N,N,N,Incremental,N,1,New Delhi
4764,E1,Y,0,7,N,Joined,NA,E,Campus,M,N,N,N,Incremental,N,0,Pune
4766,E1,Y,0,4,N,Joined,NA,E,Campus,F,N,N,N,Backfill,N,0,Pune
4767,E2,N,3,15,N,Joined,60,E,Sourcing_portal,M,Y,N,N,Incremental,N,1,Pune
4772,E1,N,2,5,N,Joined,30,E,Sourcing_portal,M,Y,N,N,Incremental,N,1,Pune
4779,E2,N,3,4,N,Joined,37,E,Sourcing_portal,M,Y,N,N,Incremental,N,1,Pune
4783,E5,N,16,10,N,Joined,35,B,Sourcing_portal,F,N,N,N,Incremental,N,2,Bangalore
4784,E6,N,14,3,N,Joined,35,E,Sourcing_portal,F,Y,Y,N,Incremental,N,2,Mumbai
4785,E1,Y,0,4,N,Joined,NA,E,Campus,F,N,Y,N,Incremental,N,0,New Delhi
4789,E3,N,6,10,N,Joined,30,E,Sourcing_portal,M,Y,N,N,Incremental,N,2,Pune
4790,E1,N,2,2,N,Joined,30,E,Sourcing_portal,M,Y,N,N,Incremental,Y,1,Pune
4792,E1,Y,0,11,N,Offer_Decline,NA,E,Campus,M,N,Y,N,Incremental,N,0,Pune
4793,E1,Y,0,10,N,Joined,NA,E,Campus,M,N,Y,Y,Incremental,N,0,Pune
4796,E2,N,3,2,N,Joined,43,E,Sourcing_portal,M,Y,Y,N,Incremental,Y,1,Pune
4799,E2,N,3,11,Y,Joined,56,E,Sourcing_portal,F,Y,N,N,Incremental,Y,1,Pune
4800,E4,N,9,7,N,Joined,35,B,Sourcing_portal,F,N,N,N,Incremental,Y,2,Pune
4801,E1,Y,0,7,N,Joined,NA,E,Campus,F,N,N,N,Incremental,N,0,Pune
4806,E1,Y,0,5,N,Joined,NA,E,Campus,M,N,Y,N,Incremental,N,0,Pune
4807,E2,N,2,4,N,Joined,30,E,Sourcing_portal,M,Y,Y,N,Incremental,N,1,Pune
4808,E2,N,3,6,N,Joined,33,E,Sourcing_portal,M,Y,Y,N,Backfill,N,1,Bangalore
4809,E3,N,5,2,N,Joined,30,U,Sourcing_portal,M,N,N,N,Incremental,N,3,Mumbai
4811,E1,Y,0,10,N,Joined,NA,E,Campus,M,N,N,N,Incremental,N,0,New Delhi
4823,E4,N,9,3,N,Joined,35,U,Sourcing_portal,M,N,N,N,Incremental,N,2,Pune
4825,E6,N,14,6,Y,Joined,35,E,Sourcing_portal,M,Y,Y,N,Incremental,N,2,Pune
4827,E2,N,4,12,N,Joined,60,E,Sourcing_portal,M,Y,Y,N,Incremental,N,2,Pune
4828,E1,N,1,11,N,Joined,60,E,Sourcing_portal,M,Y,Y,N,Incremental,N,1,Pune
4830,E2,N,3,8,N,Joined,60,E,Sourcing_portal,M,Y,N,N,Incremental,N,1,Pune
4835,E1,Y,0,13,N,Joined,NA,E,Campus,M,N,N,N,Incremental,N,0,Pune
4836,E3,N,3,11,N,Offer_Decline,60,E,Sourcing_portal,M,Y,N,N,Incremental,N,2,Pune
4839,E2,N,3,12,Y,Offer_Decline,18,E,Sourcing_portal,F,Y,Y,N,Incremental,N,2,Bangalore
4840,E2,N,2,11,N,Joined,61,E,Sourcing_portal,M,Y,Y,N,Incremental,N,2,Mumbai
4841,E1,Y,0,11,N,Joined,NA,E,Campus,M,N,Y,N,Incremental,N,0,New Delhi
4842,E3,N,4,11,N,Joined,30,C,Sourcing_portal,M,N,N,N,Incremental,N,3,Pune
4844,E1,Y,0,2,N,Offer_Decline,NA,E,Campus,F,N,N,N,Incremental,N,0,Pune
4846,E1,Y,0,10,N,Joined,NA,E,Campus,F,N,N,N,Incremental,N,0,Pune
4849,E2,N,3,4,N,Joined,36,E,Sourcing_portal,F,Y,N,N,Incremental,N,2,Pune
4854,E5,N,16,2,N,Joined,35,E,Sourcing_portal,M,Y,N,N,Backfill,N,3,Pune
4855,E1,Y,0,12,N,Joined,NA,E,Campus,M,N,N,N,Incremental,N,0,Pune
4859,E1,Y,0,12,N,Joined,NA,E,Campus,M,N,Y,N,Incremental,N,0,Pune
4860,E1,Y,0,1,N,Joined,NA,C,Campus,M,N,Y,N,Incremental,N,0,Pune
4867,E2,N,2,4,N,Offer_Decline,22,E,Sourcing_portal,M,Y,Y,N,Incremental,N,2,Pune
4869,E1,Y,0,13,N,Joined,NA,C,Campus,F,N,Y,N,Incremental,Y,0,Pune
4870,E1,Y,0,6,N,Joined,NA,E,Campus,F,N,Y,N,Incremental,N,0,Bangalore
4873,E1,Y,0,5,N,Joined,NA,E,Campus,F,N,Y,N,Incremental,N,0,Mumbai
4879,E1,Y,0,7,N,Offer_Decline,NA,E,Campus,M,N,Y,N,Incremental,Y,0,New Delhi
4883,E1,Y,0,3,N,Joined,NA,E,Campus,M,N,Y,N,Incremental,Y,0,Pune
4887,E2,N,3,7,N,Offer_Decline,16,E,Sourcing_portal,M,Y,N,N,Incremental,Y,2,Pune
4888,E5,N,12,3,Y,Offer_Decline,35,E,Sourcing_portal,M,Y,N,N,Incremental,N,3,Pune
4890,E2,N,4,1,N,Joined,60,E,Sourcing_portal,M,Y,Y,N,Incremental,N,3,Pune
4893,E3,N,5,3,N,Joined,30,U,Employee_Referral,M,N,Y,N,Incremental,N,3,Pune
4894,E1,Y,0,2,N,Joined,NA,E,Campus,M,N,Y,N,Incremental,N,0,Pune
4895,E1,Y,0,13,N,Joined,NA,E,Campus,M,N,N,N,Incremental,N,0,Pune
4896,E4,N,10,12,N,Offer_Decline,35,E,Employee_Referral,M,Y,N,N,Incremental,N,4,Pune
4898,E1,N,1,15,N,Joined,75,E,Employee_Referral,M,Y,N,N,Backfill,N,1,Pune
4899,E1,Y,0,8,N,Joined,NA,E,Campus,M,N,Y,N,Incremental,N,0,Bangalore
4901,E2,N,2,6,N,Joined,68,E,Employee_Referral,M,Y,Y,N,Backfill,N,1,Mumbai
4905,E5,N,15,10,N,Joined,35,B,Employee_Referral,F,N,Y,N,Incremental,N,4,New Delhi
4906,E1,Y,0,7,N,Joined,NA,E,Campus,M,N,N,N,Backfill,Y,0,Pune
4908,E4,N,9,12,N,Joined,35,E,Employee_Referral,M,Y,N,N,Incremental,Y,4,Pune
4911,E3,N,4,9,N,Joined,35,P,Employee_Referral,M,N,N,N,Backfill,Y,4,Pune
4914,E3,N,4,14,N,Joined,30,E,Employee_Referral,F,Y,Y,N,Incremental,Y,4,Pune
4917,E1,N,1,15,N,Joined,30,E,Employee_Referral,F,Y,Y,N,Backfill,Y,1,Pune
4918,E3,N,5,9,N,Joined,30,U,Employee_Referral,F,N,Y,N,Incremental,N,4,Bangalore
4919,E1,N,2,9,N,Joined,45,E,Employee_Referral,M,Y,N,N,Backfill,Y,1,Mumbai
4922,E1,N,1,1,N,Joined,60,E,Employee_Referral,M,Y,N,Y,Incremental,N,1,New Delhi
4925,E2,N,4,9,N,Joined,32,E,Employee_Referral,M,Y,N,N,Incremental,Y,4,Pune
4927,E2,N,4,4,N,Joined,41,E,Employee_Referral,M,Y,Y,N,Backfill,Y,3,Pune
4928,E3,N,5,7,N,Joined,35,P,Employee_Referral,M,N,Y,N,Incremental,N,3,Pune
4931,E2,N,2,13,N,Joined,94,E,Employee_Referral,F,Y,Y,N,Backfill,N,1,Pune
4933,E2,N,4,12,N,Joined,70,E,Employee_Referral,F,Y,N,Y,Backfill,N,3,Pune
4936,E1,Y,0,12,Y,Offer_Decline,NA,E,Campus,F,N,N,N,Backfill,N,0,Pune
4938,E1,Y,0,8,N,Joined,NA,E,Campus,M,N,N,N,Incremental,N,0,Pune
4940,E3,N,3,9,N,Joined,30,E,Employee_Referral,M,Y,N,N,Backfill,N,1,Pune
4942,E2,N,2,4,N,Joined,60,E,Employee_Referral,M,Y,N,N,Incremental,N,3,Pune
4943,E1,Y,0,13,Y,Joined,NA,B,Campus,M,N,N,N,Backfill,N,0,Pune
4944,E1,Y,0,9,N,Joined,NA,E,Campus,M,N,Y,N,Incremental,Y,0,Bangalore
4945,E1,Y,0,15,N,Joined,NA,E,Campus,M,N,Y,N,Backfill,N,0,Mumbai
4946,E1,Y,0,5,N,Joined,NA,E,Campus,M,N,Y,N,Incremental,Y,0,New Delhi
4949,E3,N,6,14,N,Offer_Decline,30,U,Employee_Referral,M,N,Y,N,Backfill,N,2,Pune
4951,E1,N,2,3,N,Joined,34,E,Employee_Referral,M,Y,Y,N,Incremental,N,2,Pune
4952,E2,N,3,11,N,Joined,38,E,Employee_Referral,M,Y,Y,N,Backfill,N,1,Pune
4954,E3,N,4,15,N,Joined,40,U,Employee_Referral,M,N,Y,N,Incremental,N,2,Pune
4955,E4,N,6,15,N,Joined,35,E,Employee_Referral,M,Y,Y,N,Backfill,Y,2,Pune
4957,E1,N,2,2,N,Joined,60,E,Employee_Referral,F,Y,N,N,Incremental,Y,2,Pune
4959,E2,N,2,13,N,Offer_Decline,17,E,Employee_Referral,M,Y,N,N,Incremental,Y,1,Pune
4960,E1,Y,0,15,N,Joined,NA,E,Campus,M,N,Y,N,Incremental,Y,0,Pune
4964,E1,N,2,4,N,Joined,30,E,Employee_Referral,M,Y,Y,N,Backfill,Y,2,Pune
4967,E1,Y,0,7,N,Joined,NA,E,Campus,F,N,Y,N,Backfill,Y,0,Bangalore
4968,E1,Y,0,11,N,Joined,NA,E,Campus,F,N,N,N,Backfill,Y,0,Mumbai
4969,E3,N,6,2,N,Joined,30,E,Employee_Referral,F,Y,N,N,Incremental,Y,5,New Delhi
4974,E3,N,4,8,N,Joined,35,E,Employee_Referral,M,Y,N,N,Backfill,Y,5,Pune
4975,E1,Y,0,2,N,Offer_Decline,NA,E,Campus,M,N,Y,N,Incremental,Y,0,Pune
4976,E1,Y,0,14,Y,Joined,NA,E,Campus,M,N,Y,N,Backfill,Y,0,Pune
4977,E4,N,5,8,N,Joined,35,P,Direct,M,N,Y,N,Incremental,N,5,Pune
4980,E2,N,3,13,N,Joined,26,E,Direct,M,Y,N,N,Incremental,N,1,Bangalore
4987,E1,Y,0,7,N,Joined,NA,E,Coding_Contest,F,N,N,N,Incremental,N,0,Bangalore
4989,E1,Y,0,15,N,Offer_Decline,NA,E,Direct,F,N,N,N,Incremental,N,0,Bangalore
4991,E5,N,19,11,N,Joined,35,U,Direct,F,N,Y,N,Incremental,N,5,Bangalore
4993,E1,Y,0,15,N,Joined,NA,E,Direct,M,N,Y,Y,Incremental,N,0,Bangalore
4996,E1,Y,0,5,N,Joined,NA,E,Employee_Referral,M,N,Y,N,Incremental,N,0,Bangalore
5004,E3,N,6,12,N,Joined,30,E,Employee_Referral,M,Y,Y,N,Incremental,N,3,Bangalore
5008,E1,Y,0,12,N,Joined,NA,E,Employee_Referral,M,N,Y,N,Incremental,N,0,Bangalore
5010,E4,N,5,13,N,Joined,35,B,Direct,M,N,Y,N,Incremental,N,3,Bangalore
5014,E2,N,2,11,N,Joined,30,E,Direct,M,Y,Y,N,Incremental,N,1,Bangalore
5017,E4,N,7,8,N,Joined,35,U,Sourcing_portal,M,N,Y,Y,Incremental,N,2,Bangalore
5018,E2,N,4,1,N,Joined,60,E,Sourcing_portal,M,Y,Y,N,Incremental,N,2,Bangalore
5020,E1,Y,0,1,N,Joined,NA,E,Sourcing_portal,M,N,Y,N,Backfill,N,0,Bangalore
5021,E1,Y,0,9,N,Joined,NA,E,Sourcing_portal,M,N,Y,Y,Incremental,N,0,Bangalore
5024,E1,Y,0,13,Y,Joined,NA,B,Sourcing_portal,F,N,Y,N,Incremental,N,0,Bangalore
5028,E2,N,4,14,N,Joined,34,E,Sourcing_portal,F,Y,Y,N,Incremental,N,2,Bangalore
5029,E4,N,7,13,N,Joined,35,E,Direct,F,Y,Y,Y,Backfill,N,1,Mumbai
5030,E1,Y,0,15,N,Joined,NA,E,Direct,F,N,Y,N,Backfill,N,0,Pune
5038,E4,N,9,8,N,Joined,35,U,Direct,F,N,Y,N,Backfill,N,3,Bangalore
5039,E1,N,1,9,N,Joined,60,E,Direct,F,Y,Y,N,Incremental,Y,1,Bangalore
5040,E1,N,1,6,N,Joined,60,E,Direct,F,Y,Y,N,Backfill,Y,1,Bangalore
5041,E1,Y,0,8,N,Joined,NA,E,Direct,F,N,Y,N,Incremental,Y,0,Bangalore
5046,E5,N,10,3,N,Offer_Decline,35,E,Employee_Referral,F,Y,Y,N,Backfill,Y,4,Bangalore
5051,E1,Y,0,9,N,Joined,NA,C,Employee_Referral,F,N,Y,N,Incremental,Y,0,Bangalore
5053,E1,N,2,9,N,Joined,40,E,Employee_Referral,F,Y,Y,N,Incremental,N,1,Bangalore
5056,E1,Y,0,13,N,Joined,NA,E,Direct,F,N,Y,N,Incremental,Y,0,Bangalore
5057,E1,N,2,3,N,Joined,40,E,Direct,F,Y,N,N,Incremental,N,1,Bangalore
5061,E2,N,3,11,N,Joined,60,E,Sourcing_portal,F,Y,N,N,Backfill,Y,1,Bangalore
5062,E1,Y,0,3,N,Joined,NA,E,Sourcing_portal,F,N,Y,N,Incremental,Y,0,Bangalore
5063,E1,N,2,2,N,Joined,61,E,Sourcing_portal,F,Y,Y,N,Incremental,N,1,Bangalore
5065,E2,N,2,1,N,Joined,40,E,Sourcing_portal,F,Y,Y,N,Incremental,N,1,Mumbai
5070,E2,N,3,1,N,Joined,60,E,Sourcing_portal,F,Y,N,N,Incremental,N,1,Pune
5072,E3,N,6,9,N,Offer_Decline,30,E,Sourcing_portal,F,Y,N,N,Incremental,N,3,Pune
5073,E3,N,6,11,N,Joined,40,P,Employee_Referral,M,N,N,N,Incremental,N,3,Pune
5077,E2,N,4,5,N,Joined,54,E,Employee_Referral,F,Y,Y,N,Incremental,N,3,Pune
5080,E1,Y,0,6,N,Joined,NA,E,Employee_Referral,M,N,Y,N,Incremental,N,0,Pune
5085,E3,N,3,8,N,Joined,40,E,Employee_Referral,F,Y,Y,N,Incremental,N,1,Bangalore
5087,E1,Y,0,10,N,Joined,NA,E,Employee_Referral,M,N,N,N,Incremental,Y,0,Mumbai
5089,E1,Y,0,13,N,Joined,NA,E,Employee_Referral,F,N,N,N,Incremental,N,0,New Delhi
5090,E1,N,2,4,N,Joined,60,E,Employee_Referral,M,Y,N,N,Incremental,Y,1,Pune
5091,E2,N,4,6,N,Joined,30,E,Employee_Referral,F,Y,Y,N,Incremental,N,1,Pune
5092,E1,Y,0,2,N,Joined,NA,E,Direct,M,N,Y,Y,Incremental,N,0,Pune
5093,E5,N,12,7,N,Joined,35,P,Direct,F,N,Y,N,Incremental,N,1,Pune
5095,E1,Y,0,15,N,Joined,NA,E,Direct,M,N,N,N,Incremental,N,0,Pune
5097,E2,N,4,3,N,Offer_Decline,20,E,Employee_Referral,F,Y,N,N,Backfill,Y,2,Bangalore
5099,E2,N,2,8,N,Joined,30,E,Direct,M,Y,N,N,Incremental,Y,1,Mumbai
5100,E2,N,4,5,N,Joined,60,E,Direct,M,Y,Y,N,Incremental,Y,3,New Delhi
5106,E4,N,6,3,N,Joined,35,E,Sourcing_portal,M,Y,Y,N,Incremental,Y,4,Pune
5111,E2,N,2,7,N,Joined,30,E,Sourcing_portal,M,Y,Y,N,Incremental,Y,1,Pune
5117,E2,N,3,11,N,Offer_Decline,34,E,Sourcing_portal,M,Y,N,N,Incremental,Y,1,Pune
5121,E4,N,7,15,N,Joined,35,E,Direct,M,Y,N,N,Incremental,Y,5,Pune
5129,E1,Y,0,14,N,Joined,NA,E,Direct,M,N,N,N,Incremental,Y,0,Pune
5131,E2,N,2,5,N,Joined,30,E,Direct,M,Y,N,N,Incremental,Y,1,Pune
5136,E1,Y,0,5,N,Joined,NA,E,Direct,M,N,N,N,Incremental,Y,0,Pune
5140,E2,N,4,15,N,Joined,30,E,Employee_Referral,M,Y,N,N,Incremental,Y,4,Pune
5142,E1,Y,0,8,N,Joined,NA,E,Employee_Referral,F,N,Y,Y,Incremental,N,0,Pune
5143,E3,N,4,6,N,Joined,40,B,Direct,F,N,Y,N,Incremental,N,2,Pune
5146,E6,N,8,15,N,Joined,35,E,Sourcing_portal,F,Y,Y,N,Incremental,N,1,Bangalore
5147,E4,N,10,5,N,Joined,35,E,Sourcing_portal,F,Y,Y,N,Incremental,N,3,Mumbai
5148,E1,Y,0,5,N,Joined,NA,B,Sourcing_portal,F,N,Y,N,Incremental,N,0,New Delhi
5151,E1,Y,0,4,N,Joined,NA,E,Sourcing_portal,F,N,Y,Y,Incremental,N,0,Pune
5155,E4,N,8,5,N,Joined,35,E,Sourcing_portal,F,Y,Y,N,Backfill,N,3,Pune
5160,E1,N,1,15,N,Joined,33,E,Sourcing_portal,F,Y,Y,N,Incremental,N,1,Pune
5162,E4,N,6,6,N,Joined,35,E,Direct,F,Y,N,N,Incremental,N,3,Pune
5164,E1,Y,0,10,N,Joined,NA,E,Direct,F,N,N,N,Incremental,N,0,Pune
5168,E1,Y,0,11,N,Joined,NA,E,Direct,F,N,Y,N,Incremental,N,0,Pune
5169,E6,N,16,4,Y,Joined,35,P,Direct,F,N,Y,N,Incremental,N,3,Pune
5171,E1,Y,0,15,N,Joined,NA,E,Employee_Referral,F,N,Y,N,Incremental,N,0,Bangalore
5177,E2,N,4,5,N,Joined,30,E,Employee_Referral,F,Y,N,N,Incremental,N,3,Mumbai
5178,E5,N,17,15,N,Offer_Decline,35,E,Direct,F,Y,N,N,Incremental,N,3,New Delhi
5179,E1,N,1,3,N,Joined,30,E,Sourcing_portal,F,Y,N,N,Incremental,N,1,Pune
5181,E1,Y,0,3,Y,Joined,NA,E,Sourcing_portal,F,N,Y,N,Incremental,N,0,Pune
5184,E3,N,3,12,N,Joined,30,U,Sourcing_portal,F,N,Y,N,Incremental,N,2,Pune
5185,E6,N,12,11,N,Joined,35,P,Sourcing_portal,F,N,Y,N,Incremental,N,4,Pune
5187,E2,N,4,40,N,Joined,60,E,Sourcing_portal,M,Y,N,N,Incremental,N,3,Pune
5188,E6,N,18,9,N,Joined,35,E,Employee_Referral,F,Y,N,N,Incremental,N,2,Pune
5190,E1,Y,0,6,N,Joined,NA,E,Employee_Referral,M,N,N,N,Incremental,N,0,Pune
5191,E1,N,2,2,N,Joined,30,E,Employee_Referral,F,Y,Y,N,Incremental,N,2,Pune
5193,E1,Y,0,9,N,Joined,NA,E,Employee_Referral,M,N,Y,N,Backfill,N,0,Pune
5196,E1,Y,0,3,N,Joined,NA,E,Employee_Referral,F,N,Y,N,Incremental,N,0,Pune
5198,E1,Y,0,14,N,Joined,NA,E,Direct,M,N,N,N,Incremental,N,0,Bangalore
5200,E2,N,2,6,N,Joined,60,E,Employee_Referral,F,Y,N,N,Incremental,Y,2,Mumbai
5201,E5,N,12,12,N,Offer_Decline,35,E,Direct,M,Y,N,N,Incremental,N,5,New Delhi
5205,E3,N,6,10,N,Joined,35,E,Direct,F,Y,Y,N,Incremental,N,4,Pune
5206,E2,N,4,10,N,Joined,30,E,Sourcing_portal,M,Y,Y,N,Incremental,Y,2,Pune
5207,E2,N,4,1,N,Joined,60,E,Sourcing_portal,F,Y,Y,N,Incremental,Y,2,Pune
5208,E2,N,2,5,N,Joined,67,E,Sourcing_portal,M,Y,N,N,Incremental,Y,2,Pune
5214,E2,N,4,7,N,Joined,40,E,Direct,M,Y,N,N,Incremental,N,2,Pune
5217,E3,N,6,6,N,Joined,60,E,Direct,M,Y,N,Y,Incremental,N,2,Pune
5218,E1,Y,0,6,N,Offer_Decline,NA,E,Employee_Referral,M,N,N,N,Incremental,N,0,Pune
5220,E4,N,8,8,N,Joined,35,E,Direct,M,Y,N,N,Incremental,N,2,Pune
5222,E1,Y,0,3,N,Joined,NA,E,Sourcing_portal,M,N,N,N,Incremental,N,0,Pune
5224,E1,Y,0,9,N,Offer_Decline,NA,E,Sourcing_portal,M,N,Y,Y,Incremental,N,0,Bangalore
5225,E1,Y,0,2,N,Joined,NA,E,Sourcing_portal,M,N,Y,N,Incremental,N,0,Mumbai
5226,E3,N,5,15,N,Joined,35,B,Sourcing_portal,M,N,Y,N,Incremental,N,2,New Delhi
5227,E1,Y,0,3,N,Joined,NA,E,Direct,M,N,Y,N,Backfill,N,0,Pune
5228,E1,Y,0,9,N,Joined,NA,C,Direct,F,N,Y,N,Incremental,N,0,Pune
5229,E5,N,19,8,N,Joined,35,E,Direct,F,Y,Y,N,Backfill,N,4,Pune
5231,E1,N,1,2,N,Joined,35,E,Direct,F,Y,Y,N,Incremental,N,2,Pune
5232,E3,N,3,8,N,Joined,35,E,Employee_Referral,F,Y,Y,N,Backfill,N,2,Pune
5233,E2,N,3,9,Y,Joined,44,E,Employee_Referral,F,Y,N,N,Incremental,N,2,Bangalore
5237,E1,Y,0,2,N,Joined,NA,E,Direct,F,N,N,N,Backfill,N,0,Mumbai
5239,E2,N,3,9,N,Joined,60,E,Sourcing_portal,F,Y,Y,N,Incremental,N,2,New Delhi
5240,E2,N,3,9,N,Joined,35,E,Sourcing_portal,F,Y,Y,N,Backfill,N,1,Pune
5241,E1,Y,0,6,N,Joined,NA,E,Sourcing_portal,F,N,Y,N,Incremental,N,0,Pune
5244,E1,N,1,6,N,Joined,75,E,Sourcing_portal,F,Y,N,N,Backfill,N,1,Pune
5245,E1,N,1,45,Y,Joined,75,E,Sourcing_portal,F,Y,N,N,Incremental,N,1,Pune
5246,E1,Y,0,13,N,Joined,NA,E,Employee_Referral,F,N,N,N,Incremental,N,0,New Delhi
5248,E2,N,3,14,N,Joined,55,E,Employee_Referral,F,Y,Y,N,Backfill,N,1,Pune
5249,E1,N,1,13,Y,Joined,40,E,Employee_Referral,F,Y,Y,N,Incremental,N,1,Pune
5250,E4,N,10,8,N,Joined,35,E,Employee_Referral,F,Y,Y,Y,Backfill,N,4,Pune
5251,E2,N,2,15,N,Joined,32,E,Employee_Referral,F,Y,N,N,Backfill,N,1,New Delhi
5255,E2,N,4,13,Y,Joined,60,E,Direct,F,Y,N,N,Backfill,Y,4,Pune
5257,E1,N,2,15,N,Joined,60,E,Employee_Referral,F,Y,N,N,Incremental,N,1,Bangalore
5260,E2,N,4,10,N,Joined,29,E,Direct,F,Y,Y,Y,Backfill,N,4,Mumbai
5261,E2,N,3,6,N,Joined,58,E,Direct,M,Y,Y,N,Incremental,Y,1,New Delhi
5262,E1,Y,0,5,N,Joined,NA,E,Sourcing_portal,F,N,Y,N,Backfill,Y,0,Pune
5264,E1,N,2,5,N,Joined,40,E,Sourcing_portal,M,Y,N,N,Incremental,Y,1,Pune
5265,E1,N,1,1,N,Joined,30,E,Sourcing_portal,F,Y,N,N,Backfill,N,1,Pune
5269,E4,N,10,3,N,Joined,35,P,Direct,M,N,N,Y,Incremental,N,4,New Delhi
5274,E1,Y,0,3,N,Joined,NA,C,Direct,F,N,Y,N,Backfill,N,0,New Delhi
5276,E1,Y,0,1,N,Joined,NA,E,Employee_Referral,M,N,Y,N,Incremental,N,0,New Delhi
5280,E1,Y,0,2,N,Joined,NA,E,Direct,F,N,Y,N,Backfill,N,0,Pune
5281,E1,Y,0,13,N,Joined,NA,E,Sourcing_portal,M,N,N,N,Incremental,N,0,Pune
5285,E2,N,3,10,N,Joined,60,E,Sourcing_portal,F,Y,N,Y,Incremental,N,1,Pune
5286,E1,N,2,11,N,Joined,40,E,Sourcing_portal,M,Y,N,N,Incremental,N,1,Bangalore
5287,E1,N,2,8,N,Joined,40,E,Sourcing_portal,F,Y,N,N,Incremental,N,1,Mumbai
5288,E2,N,4,9,N,Joined,60,E,Direct,M,Y,N,N,Incremental,N,4,New Delhi
5289,E3,N,3,8,N,Joined,35,P,Direct,M,N,N,N,Backfill,Y,1,Pune
5290,E1,Y,0,8,N,Joined,NA,E,Direct,M,N,Y,N,Incremental,Y,0,Pune
5291,E3,N,4,1,N,Joined,40,P,Direct,M,N,Y,N,Incremental,Y,4,Pune
5292,E1,Y,0,6,N,Joined,NA,E,Employee_Referral,M,N,Y,Y,Incremental,Y,0,Pune
5294,E1,Y,0,8,N,Joined,NA,E,Employee_Referral,F,N,Y,N,Incremental,Y,0,Bangalore
5297,E1,Y,0,10,N,Joined,NA,E,Direct,F,N,Y,N,Incremental,N,0,Bangalore
5298,E2,N,4,5,N,Joined,60,E,Sourcing_portal,F,Y,Y,N,Incremental,Y,4,Bangalore
5302,E2,N,2,6,N,Joined,38,E,Sourcing_portal,M,Y,Y,N,Incremental,N,1,Bangalore
5306,E1,Y,0,2,N,Joined,NA,E,Sourcing_portal,M,N,Y,N,Incremental,Y,0,Bangalore
5307,E4,N,10,50,Y,Joined,35,E,Sourcing_portal,M,Y,N,N,Incremental,Y,4,Bangalore
5308,E4,N,5,12,N,Joined,35,E,Sourcing_portal,M,Y,N,N,Incremental,N,4,Bangalore
5309,E1,N,1,12,N,Joined,60,E,Employee_Referral,M,Y,Y,N,Incremental,N,1,Bangalore
5310,E1,N,2,3,N,Joined,90,E,Employee_Referral,M,Y,Y,N,Incremental,N,2,New Delhi
5313,E3,N,3,1,N,Joined,30,C,Employee_Referral,M,N,Y,N,Incremental,N,3,New Delhi
5315,E4,N,9,13,N,Joined,35,U,Employee_Referral,M,N,N,N,Incremental,N,4,New Delhi
5318,E1,Y,0,5,N,Joined,NA,E,Employee_Referral,M,N,N,N,Incremental,N,0,New Delhi
5324,E6,N,12,1,N,Offer_Decline,35,U,Direct,M,N,N,N,Incremental,N,4,Bangalore
5328,E1,Y,0,12,N,Joined,NA,E,Employee_Referral,M,N,Y,N,Incremental,N,0,Bangalore
5332,E5,N,9,2,N,Offer_Decline,35,E,Direct,M,Y,Y,N,Backfill,Y,3,Bangalore
5337,E4,N,5,13,N,Offer_Decline,35,E,Direct,F,Y,Y,N,Incremental,N,3,Bangalore
5338,E1,Y,0,2,N,Joined,NA,E,Sourcing_portal,M,N,N,N,Incremental,Y,0,Mumbai
5340,E2,N,4,6,N,Offer_Decline,38,E,Sourcing_portal,M,Y,N,N,Incremental,N,3,Pune
5344,E4,N,5,10,N,Offer_Decline,35,E,Sourcing_portal,M,Y,N,N,Backfill,N,3,Bangalore
5347,E5,N,16,11,Y,Joined,35,E,Direct,F,Y,Y,N,Backfill,N,5,Bangalore
5349,E1,Y,0,6,N,Joined,NA,E,Direct,F,N,Y,N,Backfill,N,0,Bangalore
5353,E1,Y,0,12,N,Joined,NA,E,Employee_Referral,F,N,Y,N,Incremental,Y,0,Mumbai
5355,E2,N,2,10,N,Joined,60,E,Direct,M,Y,N,N,Backfill,Y,1,Bangalore
5356,E1,Y,0,6,N,Joined,NA,E,Sourcing_portal,M,N,N,Y,Incremental,Y,0,Bangalore
5358,E1,Y,0,15,Y,Joined,NA,E,Sourcing_portal,M,N,N,N,Backfill,Y,0,Bangalore
5360,E1,Y,0,10,N,Joined,NA,E,Sourcing_portal,M,N,Y,N,Incremental,Y,0,Bangalore
5362,E2,N,3,13,N,Joined,30,E,Sourcing_portal,M,Y,Y,N,Incremental,Y,2,Bangalore
5363,E2,N,4,3,N,Joined,60,E,Direct,F,Y,Y,N,Incremental,Y,3,Bangalore
5367,E4,N,6,5,N,Joined,35,E,Direct,F,Y,N,Y,Incremental,Y,2,Bangalore
5368,E1,N,2,12,N,Joined,60,E,Direct,F,Y,N,N,Incremental,Y,3,Bangalore
5371,E2,N,3,9,N,Joined,60,E,Direct,M,Y,N,N,Incremental,Y,3,Mumbai
5374,E4,N,5,12,N,Joined,35,E,Employee_Referral,M,Y,N,N,Incremental,Y,2,Pune
5378,E1,Y,0,4,N,Joined,NA,E,Employee_Referral,F,N,N,N,Incremental,N,0,Pune
5391,E1,Y,0,12,N,Joined,NA,E,Direct,M,N,N,N,Incremental,N,0,Pune
5393,E1,N,2,1,N,Joined,90,E,Sourcing_portal,M,Y,Y,N,Backfill,N,3,Pune
5396,E1,Y,0,4,N,Joined,NA,E,Sourcing_portal,M,N,Y,N,Incremental,N,0,Pune
5400,E1,Y,0,9,N,Joined,NA,E,Sourcing_portal,F,N,Y,N,Incremental,N,0,Bangalore
5403,E1,Y,0,8,N,Joined,NA,E,Sourcing_portal,F,N,Y,N,Incremental,N,0,Mumbai
5410,E2,N,3,14,N,Joined,60,E,Sourcing_portal,F,Y,Y,N,Backfill,N,2,New Delhi
5411,E5,N,12,13,N,Offer_Decline,35,B,Employee_Referral,M,N,Y,N,Backfill,N,4,Pune
5413,E2,N,4,15,N,Joined,60,E,Employee_Referral,M,Y,Y,N,Backfill,N,2,Pune
5421,E1,Y,0,4,N,Joined,NA,E,Employee_Referral,M,N,Y,N,Incremental,N,0,Pune
5424,E1,N,1,9,N,Joined,30,E,Employee_Referral,M,Y,N,N,Backfill,N,2,Pune
5425,E1,Y,0,6,N,Joined,NA,E,Employee_Referral,M,N,N,N,Incremental,N,0,Pune
5426,E1,Y,0,2,N,Joined,NA,E,Direct,F,N,Y,N,Backfill,N,0,Bangalore
5428,E1,Y,0,1,N,Joined,NA,E,Employee_Referral,F,N,Y,N,Incremental,N,0,Mumbai
5429,E1,Y,0,6,N,Joined,NA,E,Direct,F,N,Y,N,Backfill,N,0,New Delhi
5430,E1,N,1,10,N,Joined,45,E,Direct,M,Y,N,N,Backfill,N,2,Pune
5431,E6,N,11,6,N,Joined,35,B,Sourcing_portal,M,N,N,N,Backfill,N,2,Pune
5433,E1,Y,0,11,N,Joined,NA,C,Sourcing_portal,M,N,N,N,Incremental,N,0,Pune
5443,E1,Y,0,5,N,Joined,NA,E,Sourcing_portal,M,N,Y,N,Backfill,N,0,Mumbai
5448,E1,Y,0,6,N,Joined,NA,E,Direct,M,N,Y,N,Incremental,N,0,Pune
5449,E6,N,16,5,Y,Joined,35,U,Direct,M,N,Y,N,Backfill,Y,3,Pune
5450,E1,Y,0,13,N,Joined,NA,E,Employee_Referral,M,N,N,N,Incremental,Y,0,Mumbai
5451,E1,Y,0,7,N,Joined,NA,E,Direct,M,N,N,N,Backfill,Y,0,Pune
5454,E1,Y,0,4,N,Offer_Decline,NA,E,Sourcing_portal,M,N,N,N,Backfill,Y,0,Pune
5455,E1,Y,0,11,Y,Joined,NA,E,Sourcing_portal,M,N,Y,N,Backfill,Y,0,Pune
5457,E3,N,3,15,N,Joined,35,B,Sourcing_portal,M,N,Y,N,Incremental,N,1,Bangalore
5461,E1,Y,0,2,N,Joined,NA,C,Campus,M,N,Y,N,Backfill,Y,0,Mumbai
5466,E1,Y,0,4,N,Offer_Decline,NA,E,Campus,F,N,N,N,Incremental,N,0,New Delhi
5470,E1,Y,0,1,N,Joined,NA,E,Campus,M,N,N,N,Backfill,Y,0,Pune
5471,E1,N,1,2,N,Joined,40,E,Direct,M,Y,N,N,Incremental,Y,1,Pune
5472,E2,N,4,2,N,Joined,34,E,Direct,M,Y,Y,N,Backfill,N,2,Pune
5475,E1,Y,0,6,N,Joined,NA,E,Direct,F,N,Y,N,Incremental,N,0,Pune
5477,E4,N,8,8,N,Joined,35,U,Direct,F,N,Y,N,Backfill,N,2,Pune
5479,E1,Y,0,2,N,Offer_Decline,NA,E,Direct,F,N,N,N,Incremental,N,0,Pune
5480,E4,N,10,13,N,Joined,35,E,Direct,M,Y,N,N,Backfill,N,2,Pune
5484,E6,N,11,10,N,Joined,35,B,Direct,M,N,N,N,Incremental,N,2,Bangalore
5485,E1,N,2,3,N,Joined,30,E,Direct,M,Y,N,N,Incremental,N,1,Mumbai
5486,E1,Y,0,1,N,Joined,NA,E,Direct,M,N,N,N,Backfill,N,0,New Delhi
5488,E2,N,2,7,N,Joined,30,E,Direct,M,Y,N,N,Incremental,Y,1,Pune
5493,E1,Y,0,15,N,Joined,NA,E,Direct,F,N,Y,N,Backfill,N,0,Pune
5494,E1,Y,0,15,N,Joined,NA,E,Direct,F,N,Y,N,Backfill,Y,0,Pune
5496,E1,Y,0,13,N,Offer_Decline,NA,E,Direct,F,N,Y,N,Backfill,N,0,Pune
5497,E6,N,19,9,Y,Joined,35,E,Employee_Referral,M,Y,Y,Y,Incremental,N,4,Mumbai
5506,E2,N,4,4,N,Offer_Decline,45,E,Employee_Referral,M,Y,Y,N,Backfill,N,2,Pune
5507,E2,N,3,2,N,Joined,60,E,Employee_Referral,M,Y,Y,N,Incremental,N,1,Mumbai
5517,E1,Y,0,15,N,Joined,NA,E,Direct,M,N,Y,N,Backfill,Y,0,Pune
5523,E5,N,18,5,Y,Offer_Decline,35,E,Direct,M,Y,Y,N,Incremental,Y,5,Pune
5524,E1,N,2,5,N,Joined,40,E,Sourcing_portal,M,Y,N,N,Backfill,Y,1,Pune
5525,E1,Y,0,12,N,Joined,NA,E,Sourcing_portal,M,N,N,N,Incremental,Y,0,Bangalore
5528,E1,Y,0,9,N,Joined,NA,E,Sourcing_portal,M,N,Y,N,Backfill,Y,0,Mumbai
5533,E3,N,3,6,N,Joined,35,E,Sourcing_portal,M,Y,Y,N,Incremental,Y,1,New Delhi
5534,E1,Y,0,11,Y,Joined,NA,E,Sourcing_portal,M,N,Y,N,Backfill,Y,0,Pune
5535,E1,N,2,7,N,Joined,41,E,Sourcing_portal,M,Y,N,N,Incremental,Y,1,Pune
5536,E1,Y,0,1,N,Joined,NA,E,Sourcing_portal,M,N,N,N,Incremental,Y,0,Pune
5538,E1,Y,0,9,N,Joined,NA,E,Sourcing_portal,F,N,N,N,Incremental,Y,0,Mumbai
5540,E4,N,5,12,N,Joined,35,E,Sourcing_portal,M,Y,Y,N,Incremental,Y,4,Pune
5541,E1,N,1,30,Y,Joined,30,E,Sourcing_portal,M,Y,Y,N,Incremental,N,1,Pune
5543,E1,Y,0,14,N,Joined,NA,C,Sourcing_portal,M,N,Y,N,Incremental,N,0,Pune
5556,E4,N,10,12,N,Joined,35,E,Sourcing_portal,F,Y,N,N,Incremental,N,4,Pune
5562,E1,Y,0,11,N,Joined,NA,E,Sourcing_portal,F,N,N,N,Incremental,N,0,Pune
5564,E1,Y,0,9,N,Offer_Decline,NA,E,Sourcing_portal,F,N,N,N,Incremental,N,0,Bangalore
5565,E4,N,9,12,N,Joined,35,U,Sourcing_portal,M,N,Y,N,Incremental,N,4,Mumbai
5569,E2,N,2,1,N,Joined,30,E,Sourcing_portal,M,Y,Y,N,Backfill,N,1,New Delhi
5571,E2,N,2,14,Y,Joined,40,E,Sourcing_portal,M,Y,Y,N,Incremental,N,1,Pune
5572,E1,Y,0,13,N,Joined,NA,E,Sourcing_portal,M,N,N,N,Incremental,N,0,Pune
5574,E3,N,3,9,N,Joined,30,E,Sourcing_portal,M,Y,N,N,Incremental,N,1,Pune
5576,E1,Y,0,12,N,Joined,NA,E,Sourcing_portal,F,N,N,N,Backfill,N,0,Pune
5580,E1,Y,0,9,N,Offer_Decline,NA,E,Sourcing_portal,F,N,Y,N,Backfill,N,0,Pune
5581,E1,Y,0,15,N,Joined,NA,E,Sourcing_portal,F,N,Y,N,Backfill,N,0,Bangalore
5583,E4,N,5,9,N,Joined,35,E,Sourcing_portal,M,Y,Y,N,Incremental,N,4,Mumbai
5585,E2,N,4,9,N,Joined,38,E,Sourcing_portal,M,Y,N,N,Backfill,N,2,New Delhi
5587,E3,N,3,15,N,Joined,30,C,Sourcing_portal,M,N,N,N,Incremental,N,1,Pune
5588,E3,N,5,3,N,Joined,30,P,Sourcing_portal,M,N,N,N,Backfill,N,2,Pune
5589,E2,N,4,2,N,Joined,30,E,Sourcing_portal,M,Y,N,N,Incremental,N,2,Pune
5590,E1,Y,0,12,N,Joined,NA,E,Sourcing_portal,M,N,N,N,Incremental,N,0,Pune
5595,E5,N,18,13,N,Joined,35,E,Sourcing_portal,M,Y,N,N,Incremental,N,6,Pune
5596,E1,Y,0,8,N,Joined,NA,E,Sourcing_portal,M,N,Y,N,Incremental,N,0,Pune
5598,E1,Y,0,2,N,Joined,NA,E,Sourcing_portal,M,N,Y,N,Incremental,N,0,Pune
5599,E2,N,4,12,N,Joined,35,E,Sourcing_portal,M,Y,Y,N,Incremental,N,2,Mumbai
5601,E3,N,5,12,N,Joined,30,C,Sourcing_portal,M,N,Y,N,Incremental,N,2,Pune
5603,E3,N,3,12,N,Joined,30,E,Sourcing_portal,M,Y,Y,N,Incremental,N,1,Pune
5604,E6,N,17,2,N,Offer_Decline,35,E,Sourcing_portal,F,Y,Y,N,Incremental,N,2,Bangalore
5605,E2,N,3,11,N,Joined,60,E,Sourcing_portal,M,Y,Y,N,Incremental,Y,1,Mumbai
5606,E3,N,4,11,N,Joined,35,U,Sourcing_portal,M,N,Y,N,Incremental,N,2,New Delhi
5610,E2,N,4,13,N,Joined,39,E,Sourcing_portal,M,Y,N,N,Incremental,N,2,Pune
5612,E1,Y,0,3,N,Joined,NA,C,Sourcing_portal,F,N,N,N,Incremental,Y,0,Pune
5613,E3,N,4,2,N,Joined,30,E,Sourcing_portal,F,Y,Y,N,Backfill,Y,2,Pune
5614,E1,Y,0,12,Y,Joined,NA,C,Sourcing_portal,F,N,Y,N,Incremental,Y,0,Pune
5618,E3,N,3,5,N,Joined,30,B,Sourcing_portal,M,N,Y,N,Incremental,N,1,Pune
5620,E2,N,2,6,N,Joined,60,E,Sourcing_portal,M,Y,N,N,Incremental,N,1,Mumbai
5621,E2,N,3,15,N,Joined,96,E,Sourcing_portal,M,Y,N,N,Backfill,N,1,Pune
5622,E2,N,3,7,N,Joined,30,E,Sourcing_portal,M,Y,N,N,Backfill,N,1,Pune
5623,E8,N,13,12,Y,Joined,75,P,Sourcing_portal,M,N,Y,N,Backfill,N,3,Pune
5624,E1,Y,0,8,N,Joined,NA,E,Sourcing_portal,F,N,Y,N,Incremental,N,0,Bangalore
5626,E1,Y,0,3,N,Joined,NA,B,Sourcing_portal,F,N,Y,N,Backfill,N,0,Mumbai
5630,E1,Y,0,9,N,Joined,NA,E,Sourcing_portal,F,N,N,N,Incremental,N,0,New Delhi
5631,E1,Y,0,7,N,Joined,NA,E,Sourcing_portal,M,N,N,N,Backfill,N,0,Pune
5632,E1,Y,0,14,N,Offer_Decline,NA,E,Sourcing_portal,M,N,N,N,Incremental,N,0,Mumbai
5635,E1,Y,0,6,N,Joined,NA,E,Sourcing_portal,M,N,Y,N,Incremental,N,0,Pune
5637,E1,Y,0,5,N,Offer_Decline,NA,E,Employee_Referral,M,N,Y,N,Incremental,N,0,Pune
5638,E3,N,4,12,N,Joined,30,C,Employee_Referral,M,N,Y,Y,Incremental,N,2,Bangalore
5639,E1,N,2,4,N,Joined,40,E,Employee_Referral,M,Y,N,Y,Backfill,N,1,Bangalore
5642,E2,N,3,15,N,Joined,60,E,Employee_Referral,M,Y,N,N,Incremental,N,1,Bangalore
5643,E1,Y,0,3,N,Joined,NA,E,Employee_Referral,M,N,N,N,Incremental,N,0,Bangalore
5646,E1,Y,0,15,N,Joined,NA,C,Employee_Referral,M,N,Y,Y,Incremental,N,0,Mumbai
5649,E1,Y,0,9,N,Joined,NA,E,Employee_Referral,M,N,Y,N,Incremental,N,0,Bangalore
5650,E1,Y,0,1,N,Joined,NA,E,Employee_Referral,F,N,Y,N,Incremental,N,0,Bangalore
5651,E1,Y,0,11,N,Joined,NA,E,Employee_Referral,F,N,N,N,Incremental,N,0,Bangalore
5652,E2,N,2,3,N,Joined,30,E,Employee_Referral,F,Y,N,N,Incremental,N,1,Bangalore
5654,E3,N,3,8,N,Joined,35,E,Employee_Referral,F,Y,N,N,Incremental,N,1,Mumbai
5655,E2,N,2,9,N,Joined,60,E,Employee_Referral,F,Y,N,N,Incremental,N,1,Bangalore
5656,E1,Y,0,6,N,Joined,NA,E,Employee_Referral,F,N,N,N,Incremental,N,0,Bangalore
5658,E4,N,10,8,N,Joined,35,E,Employee_Referral,F,Y,N,N,Incremental,N,2,Pune
5661,E1,Y,0,9,N,Joined,NA,E,Employee_Referral,F,N,Y,N,Incremental,Y,0,Bangalore
5664,E4,N,5,5,N,Offer_Decline,35,E,Employee_Referral,F,Y,Y,N,Incremental,N,2,Bangalore
5667,E1,Y,0,7,N,Offer_Decline,NA,E,Employee_Referral,F,N,Y,N,Incremental,N,0,Bangalore
5668,E3,N,3,13,N,Joined,30,C,Employee_Referral,F,N,Y,N,Incremental,Y,1,Mumbai
5669,E1,Y,0,3,N,Joined,NA,E,Employee_Referral,F,N,Y,N,Incremental,Y,0,Pune
5670,E1,Y,0,4,N,Joined,NA,E,Employee_Referral,F,N,Y,N,Backfill,Y,0,Bangalore
5672,E1,Y,0,9,N,Joined,NA,E,Employee_Referral,F,N,Y,N,Incremental,N,0,Bangalore
5675,E1,N,2,11,N,Joined,60,E,Employee_Referral,F,Y,Y,N,Incremental,N,1,Bangalore
5677,E2,N,3,13,N,Joined,28,E,Employee_Referral,F,Y,N,N,Incremental,N,1,Bangalore
5678,E2,N,3,9,N,Joined,60,E,Employee_Referral,F,Y,N,Y,Incremental,N,1,Bangalore
5680,E1,Y,0,3,N,Offer_Decline,NA,E,Employee_Referral,F,N,Y,N,Incremental,N,0,Bangalore
5681,E1,Y,0,5,N,Joined,NA,E,Employee_Referral,F,N,Y,N,Incremental,N,0,Bangalore
5685,E1,N,2,8,N,Offer_Decline,60,E,Employee_Referral,M,Y,Y,N,Incremental,N,1,Bangalore
5687,E1,Y,0,7,N,Joined,NA,E,Employee_Referral,F,N,N,N,Incremental,N,0,Bangalore
5691,E1,Y,0,6,N,Joined,NA,E,Employee_Referral,M,N,N,N,Incremental,N,0,Bangalore
5694,E2,N,3,10,N,Joined,60,E,Direct,F,Y,N,Y,Incremental,N,2,Bangalore
5697,E5,N,16,15,N,Joined,35,P,Direct,M,N,Y,N,Incremental,Y,4,Bangalore
5702,E2,N,2,14,N,Joined,35,E,Direct,F,Y,Y,N,Incremental,Y,1,Mumbai
5705,E2,N,3,10,N,Joined,30,E,Employee_Referral,M,Y,Y,N,Incremental,Y,2,Pune
5706,E5,N,16,7,N,Joined,35,E,Direct,F,Y,N,N,Incremental,Y,5,Pune
5707,E1,Y,0,7,N,Joined,NA,E,Direct,M,N,N,N,Incremental,Y,0,Pune
5709,E2,N,4,9,N,Joined,60,E,Sourcing_portal,F,Y,N,Y,Incremental,N,2,Mumbai
5711,E4,N,5,2,N,Joined,35,P,Sourcing_portal,M,N,Y,N,Backfill,Y,2,Pune
5716,E3,N,4,14,N,Joined,30,B,Sourcing_portal,F,N,Y,N,Incremental,N,2,Bangalore
5718,E1,N,1,3,N,Joined,40,E,Direct,M,Y,Y,N,Incremental,Y,1,Mumbai
5719,E1,Y,0,11,Y,Joined,NA,E,Direct,M,N,N,N,Incremental,Y,0,New Delhi
5720,E6,N,12,3,N,Joined,35,E,Direct,M,Y,N,N,Incremental,N,6,Pune
5721,E5,N,10,15,N,Joined,35,E,Direct,M,Y,N,N,Incremental,N,2,Pune
5722,E5,N,13,4,N,Offer_Decline,35,E,Employee_Referral,M,Y,Y,N,Incremental,N,5,Pune
5725,E1,Y,0,9,N,Joined,NA,E,Employee_Referral,M,N,Y,N,Incremental,N,0,Pune
5739,E1,Y,0,11,N,Joined,NA,E,Direct,M,N,Y,N,Incremental,N,0,Pune
5740,E3,N,3,2,N,Joined,35,B,Sourcing_portal,M,N,N,N,Incremental,N,3,Bangalore
5749,E2,N,4,12,N,Joined,30,E,Sourcing_portal,M,Y,N,N,Incremental,N,3,Mumbai
5751,E1,N,1,5,N,Joined,40,E,Sourcing_portal,M,Y,N,N,Incremental,N,1,New Delhi
5753,E1,Y,0,6,N,Offer_Decline,NA,E,Sourcing_portal,F,N,N,Y,Incremental,Y,0,Pune
5754,E2,N,2,7,N,Joined,32,E,Sourcing_portal,F,Y,N,N,Incremental,N,2,Pune
5755,E1,Y,0,3,N,Joined,NA,E,Employee_Referral,F,N,N,N,Incremental,Y,0,Pune
5757,E1,Y,0,11,N,Joined,NA,E,Employee_Referral,F,N,Y,Y,Incremental,N,0,Mumbai
5760,E2,N,3,6,N,Joined,60,E,Employee_Referral,F,Y,Y,N,Incremental,N,1,Pune
5764,E4,N,10,3,N,Joined,35,E,Employee_Referral,F,Y,Y,N,Backfill,N,3,Pune
5769,E4,N,7,14,N,Joined,35,P,Employee_Referral,F,N,Y,N,Incremental,N,3,Mumbai
5775,E1,Y,0,15,N,Joined,NA,E,Direct,F,N,Y,N,Incremental,Y,0,Pune
5776,E1,Y,0,9,N,Joined,NA,E,Employee_Referral,F,N,Y,N,Incremental,Y,0,Pune
5779,E1,Y,0,15,N,Joined,NA,E,Direct,F,N,Y,N,Incremental,Y,0,Pune
5780,E3,N,3,12,N,Joined,35,E,Direct,F,Y,Y,Y,Incremental,Y,1,Bangalore
5785,E5,N,14,6,N,Joined,35,U,Sourcing_portal,F,N,Y,N,Incremental,Y,8,Mumbai
5787,E2,N,2,7,N,Joined,60,E,Sourcing_portal,F,Y,Y,N,Incremental,Y,1,New Delhi
5788,E3,N,6,2,N,Joined,30,C,Sourcing_portal,F,N,Y,N,Incremental,Y,3,Pune
5791,E5,N,16,9,N,Joined,35,E,Direct,F,Y,N,N,Incremental,Y,8,Pune
5797,E1,Y,0,7,N,Joined,NA,E,Direct,F,N,N,N,Incremental,Y,0,Pune
5799,E1,Y,0,14,N,Joined,NA,E,Employee_Referral,F,N,N,N,Incremental,Y,0,Pune
5803,E4,N,10,2,N,Offer_Decline,35,E,Direct,F,Y,Y,N,Incremental,Y,3,Pune
5804,E1,N,2,4,N,Joined,40,E,Sourcing_portal,F,Y,Y,N,Incremental,N,2,Pune
5806,E3,N,4,2,N,Offer_Decline,30,E,Sourcing_portal,M,Y,Y,Y,Incremental,N,3,Mumbai
5807,E1,Y,0,7,N,Joined,NA,E,Sourcing_portal,F,N,N,N,Incremental,N,0,New Delhi
5808,E1,Y,0,7,N,Joined,NA,E,Sourcing_portal,M,N,Y,N,Incremental,N,0,Pune
5813,E1,Y,0,5,N,Joined,NA,E,Direct,F,N,N,N,Backfill,N,0,Pune
5819,E2,N,4,3,N,Joined,36,E,Direct,M,Y,Y,N,Incremental,N,3,Pune
5820,E1,Y,0,8,N,Joined,NA,E,Employee_Referral,F,N,N,N,Backfill,N,0,Pune
5822,E1,N,1,2,N,Offer_Decline,75,E,Direct,M,Y,Y,N,Incremental,N,1,Bangalore
5824,E1,Y,0,9,N,Joined,NA,E,Sourcing_portal,F,N,N,N,Backfill,N,0,Bangalore
5828,E2,N,2,15,N,Joined,60,E,Sourcing_portal,M,Y,Y,Y,Incremental,N,1,Bangalore
5830,E1,Y,0,4,N,Joined,NA,B,Sourcing_portal,F,N,Y,N,Backfill,N,0,Bangalore
5831,E1,N,2,4,N,Joined,40,E,Sourcing_portal,M,Y,N,N,Incremental,N,1,Mumbai
5832,E1,Y,0,6,N,Joined,NA,E,Employee_Referral,F,N,N,N,Backfill,N,0,Bangalore
5833,E1,Y,0,7,N,Joined,NA,E,Employee_Referral,M,N,Y,N,Incremental,N,0,Bangalore
5834,E3,N,5,13,N,Joined,30,E,Employee_Referral,M,Y,Y,N,Backfill,N,3,Bangalore
5836,E1,N,1,2,N,Joined,40,E,Direct,M,Y,Y,N,Incremental,N,2,Bangalore
5837,E4,N,9,1,N,Joined,35,E,Direct,M,Y,Y,N,Incremental,N,3,Mumbai
5838,E1,Y,0,6,N,Joined,NA,E,Sourcing_portal,M,N,Y,N,Backfill,N,0,Bangalore
5839,E5,N,11,10,N,Joined,35,U,Sourcing_portal,M,N,Y,N,Incremental,N,3,Bangalore
5840,E6,N,9,6,N,Joined,35,B,Sourcing_portal,M,N,Y,N,Backfill,N,3,Pune
5842,E1,N,2,13,N,Joined,30,E,Direct,M,Y,Y,N,Backfill,Y,2,Bangalore
5844,E4,N,9,15,N,Joined,35,E,Direct,M,Y,N,N,Backfill,Y,3,Bangalore
5849,E2,N,4,13,N,Joined,45,E,Direct,M,Y,N,N,Incremental,Y,3,Bangalore
5850,E3,N,3,15,N,Offer_Decline,60,E,Direct,F,Y,N,N,Backfill,Y,2,Mumbai
5851,E1,Y,0,6,N,Joined,NA,E,Direct,F,N,Y,N,Incremental,Y,0,Pune
5853,E1,N,1,3,N,Joined,90,E,Direct,F,Y,Y,N,Backfill,N,2,Pune
5857,E1,Y,0,11,N,Joined,NA,E,Direct,F,N,Y,N,Incremental,Y,0,Pune
5862,E3,N,6,11,N,Joined,30,E,Direct,F,Y,N,N,Backfill,N,3,Mumbai
5863,E4,N,7,15,N,Joined,35,U,Direct,F,N,Y,N,Incremental,Y,3,Pune
5865,E1,N,1,3,N,Offer_Decline,75,E,Direct,F,Y,N,N,Backfill,Y,2,Pune
5866,E2,N,2,1,N,Joined,60,E,Direct,F,Y,Y,N,Incremental,N,2,Pune
5868,E1,N,2,10,Y,Joined,30,E,Direct,F,Y,N,N,Backfill,N,2,Pune
5869,E5,N,9,9,Y,Offer_Decline,35,E,Direct,F,Y,Y,N,Incremental,N,3,Bangalore
5871,E5,N,12,13,N,Joined,35,E,Direct,F,Y,N,N,Backfill,N,2,Mumbai
5876,E4,N,5,59,N,Joined,35,E,Employee_Referral,F,Y,Y,N,Incremental,N,3,New Delhi
5878,E2,N,4,2,Y,Joined,50,E,Employee_Referral,F,Y,Y,N,Incremental,N,3,Pune
5884,E3,N,5,6,N,Joined,35,E,Employee_Referral,F,Y,N,N,Incremental,N,3,Pune
5885,E2,N,4,14,N,Offer_Decline,45,E,Direct,F,Y,N,N,Backfill,N,3,Pune
5887,E1,Y,0,14,N,Joined,NA,E,Direct,F,N,N,N,Backfill,Y,0,Pune
5891,E2,N,3,10,N,Joined,36,E,Sourcing_portal,F,Y,N,N,Backfill,N,2,Pune
5892,E1,Y,0,3,N,Joined,NA,E,Sourcing_portal,F,N,N,N,Incremental,Y,0,Pune
5897,E2,N,4,1,N,Joined,95,E,Sourcing_portal,F,Y,N,N,Backfill,N,34,Mumbai
5908,E1,N,2,8,N,Joined,37,E,Sourcing_portal,M,Y,N,N,Incremental,N,2,New Delhi
5909,E1,Y,0,2,N,Joined,NA,E,Sourcing_portal,F,N,N,N,Backfill,N,0,Pune
5910,E1,Y,0,4,N,Joined,NA,B,Sourcing_portal,M,N,N,N,Incremental,N,0,Pune
5912,E1,N,1,5,N,Joined,60,E,Sourcing_portal,F,Y,N,N,Incremental,Y,1,Pune
5913,E3,N,3,1,N,Joined,40,B,Sourcing_portal,M,N,N,N,Incremental,Y,1,Pune
5914,E2,N,4,7,N,Joined,60,E,Sourcing_portal,F,Y,N,N,Incremental,Y,4,Bangalore
5916,E4,N,6,45,N,Joined,35,E,Sourcing_portal,M,Y,N,N,Incremental,Y,4,Bangalore
5917,E2,N,2,7,N,Joined,60,E,Sourcing_portal,F,Y,N,N,Incremental,Y,1,Bangalore
5921,E3,N,4,10,N,Joined,30,C,Sourcing_portal,M,N,N,N,Incremental,Y,4,Bangalore
5923,E1,Y,0,5,N,Joined,NA,E,Sourcing_portal,F,N,N,N,Incremental,Y,0,Pune
5925,E1,Y,0,15,N,Joined,NA,E,Sourcing_portal,M,N,N,N,Incremental,Y,0,Bangalore
5927,E1,Y,0,50,Y,Joined,NA,E,Sourcing_portal,F,N,N,N,Incremental,Y,0,Bangalore
5928,E3,N,3,45,N,Joined,30,B,Sourcing_portal,M,N,N,N,Incremental,Y,1,Bangalore
5930,E1,Y,0,9,N,Joined,NA,E,Sourcing_portal,M,N,N,N,Incremental,Y,0,Mumbai
5933,E1,Y,0,11,N,Joined,NA,E,Sourcing_portal,M,N,N,N,Incremental,N,0,Pune
5934,E1,Y,0,8,N,Joined,NA,E,Sourcing_portal,M,N,N,N,Backfill,N,0,Pune
5937,E3,N,6,8,N,Joined,60,E,Sourcing_portal,M,Y,N,N,Incremental,N,4,Pune
5940,E1,Y,0,30,Y,Joined,NA,E,Sourcing_portal,F,N,N,N,Incremental,N,0,Mumbai
5941,E1,N,2,5,N,Joined,60,E,Sourcing_portal,F,Y,N,N,Incremental,N,1,Mumbai
5942,E4,N,10,6,N,Joined,35,P,Sourcing_portal,F,N,N,N,Backfill,N,4,Pune
5946,E1,Y,0,3,N,Joined,NA,E,Sourcing_portal,M,N,N,N,Backfill,N,0,Pune
5949,E1,Y,0,11,N,Joined,NA,E,Sourcing_portal,M,N,N,N,Backfill,N,0,Pune
5953,E3,N,6,2,N,Joined,30,P,Sourcing_portal,M,N,N,N,Incremental,N,4,Bangalore
5955,E1,Y,0,10,Y,Joined,NA,E,Sourcing_portal,M,N,N,N,Backfill,N,0,Mumbai
5957,E1,N,1,3,N,Joined,33,E,Sourcing_portal,M,Y,N,N,Incremental,N,1,New Delhi
5958,E3,N,5,14,N,Joined,30,E,Sourcing_portal,M,Y,N,N,Backfill,N,4,Pune
5962,E1,Y,0,4,N,Joined,NA,E,Sourcing_portal,M,N,N,N,Incremental,N,0,Pune
5963,E1,N,2,2,N,Offer_Decline,60,E,Sourcing_portal,M,Y,N,N,Incremental,N,1,Pune
5970,E1,N,1,8,N,Joined,30,E,Sourcing_portal,M,Y,N,N,Incremental,N,1,Pune
5972,E2,N,4,14,N,Joined,60,E,Sourcing_portal,M,Y,N,N,Incremental,N,4,Bangalore
5983,E1,Y,0,15,N,Joined,NA,E,Sourcing_portal,M,N,N,N,Backfill,N,0,Bangalore
5984,E1,Y,0,59,N,Joined,NA,E,Sourcing_portal,M,N,N,N,Incremental,N,0,Pune
5986,E2,N,4,3,N,Joined,44,E,Sourcing_portal,F,Y,N,N,Incremental,N,4,Bangalore
5990,E3,N,4,12,N,Joined,30,B,Sourcing_portal,M,N,N,N,Incremental,N,4,Bangalore
5992,E3,N,3,7,N,Joined,30,C,Sourcing_portal,M,N,N,N,Incremental,N,1,Bangalore
5996,E4,N,8,5,N,Joined,35,B,Sourcing_portal,M,N,N,N,Incremental,N,4,Mumbai
5997,E2,N,3,15,Y,Joined,47,E,Sourcing_portal,F,Y,N,N,Incremental,N,1,Pune
5998,E3,N,4,4,N,Joined,35,U,Sourcing_portal,F,N,N,N,Incremental,N,4,Pune
6000,E3,N,6,4,N,Joined,30,P,Sourcing_portal,F,N,N,N,Incremental,N,4,Mumbai
6243,E6,N,19,13,Y,Joined,35,E,Sourcing_portal,M,Y,N,N,Incremental,N,3,Pune
6403,E6,N,10,15,N,Joined,35,U,Sourcing_portal,M,N,N,N,Incremental,Y,4,Pune
6434,E6,N,9,5,N,Joined,35,E,Sourcing_portal,M,Y,N,N,Incremental,N,4,Pune
6597,E6,N,16,10,N,Joined,35,E,Sourcing_portal,M,Y,N,N,Incremental,N,4,Pune
6704,E6,N,11,3,N,Joined,35,E,Sourcing_portal,M,Y,N,N,Incremental,Y,4,Pune
6909,E6,N,11,3,N,Joined,35,E,Sourcing_portal,F,Y,N,N,Incremental,Y,4,Bangalore
7296,E6,N,18,1,N,Joined,35,E,Sourcing_portal,F,Y,N,N,Incremental,Y,7,Mumbai
7331,E6,N,17,13,Y,Joined,35,B,Sourcing_portal,F,N,N,N,Incremental,N,6,New Delhi
7436,E6,N,10,5,N,Joined,35,E,Sourcing_portal,M,Y,N,N,Backfill,N,4,Pune
7541,E6,N,8,9,N,Joined,35,E,Sourcing_portal,M,Y,N,N,Incremental,N,4,Pune
7671,E6,N,10,2,N,Joined,35,P,Employee_Referral,M,N,N,N,Incremental,N,4,Pune
8015,E6,N,9,7,N,Joined,35,E,Employee_Referral,M,Y,N,N,Incremental,N,4,Pune
8229,E7,N,19,1,N,Joined,35,U,Employee_Referral,M,N,N,N,Incremental,N,5,Bangalore
8247,E6,N,11,10,N,Joined,35,U,Employee_Referral,M,N,N,N,Incremental,N,4,Bangalore
8261,E8,N,14,14,N,Joined,75,E,Employee_Referral,M,Y,N,N,Incremental,N,3,Pune
8383,E6,N,16,1,N,Joined,35,E,Employee_Referral,M,Y,N,N,Incremental,N,3,Bangalore
8581,E6,N,8,10,Y,Joined,35,U,Employee_Referral,M,N,N,N,Incremental,N,4,Bangalore
8918,E7,N,19,2,N,Joined,35,P,Employee_Referral,M,N,N,N,Incremental,N,3,Bangalore
